Const,Your Rating,Date Rated,Title,URL,Title Type,IMDb Rating,Runtime (mins),Year,Genres,Num Votes,Release Date,Directors
tt10062338,7,2022-08-12,Earwig,https://www.imdb.com/title/tt10062338/,movie,5.4,114,2021,"Drama, Fantasy, Horror",942,2021-09-10,Lucile Hadzihalilovic
tt10095582,6,2022-01-22,The Tragedy of Macbeth,https://www.imdb.com/title/tt10095582/,movie,7.1,105,2021,"Drama, Mystery, Thriller",35070,2021-09-24,Joel Coen
tt10095856,10,2019-04-17,Rammstein: Deutschland,https://www.imdb.com/title/tt10095856/,musicVideo,9.2,9,2019,"Short, Drama, Music, War",1000,2019-03-28,Specter Berlin
tt1014759,5,2018-08-03,Alice in Wonderland,https://www.imdb.com/title/tt1014759/,movie,6.4,108,2010,"Adventure, Family, Fantasy, Mystery",419227,2010-02-25,Tim Burton
tt1017460,6,2018-07-30,Splice,https://www.imdb.com/title/tt1017460/,movie,5.8,104,2009,"Horror, Sci-Fi",98535,2009-10-06,Vincenzo Natali
tt1020530,6,2018-08-03,Eden Lake,https://www.imdb.com/title/tt1020530/,movie,6.7,91,2008,"Horror, Thriller",86929,2008-08-12,James Watkins
tt0102510,8,2022-11-10,The Naked Gun 2½: The Smell of Fear,https://www.imdb.com/title/tt0102510/,movie,6.9,85,1991,"Comedy, Crime",115410,1991-06-27,David Zucker
tt10272534,10,2020-11-24,Lvx Æterna,https://www.imdb.com/title/tt10272534/,movie,6.3,51,2019,"Drama, Thriller",5871,2019-05-18,Gaspar Noé
tt1028532,7,2018-07-30,Hachi: A Dog's Tale,https://www.imdb.com/title/tt1028532/,movie,8.1,93,2009,"Biography, Drama, Family",288075,2009-06-13,Lasse Hallström
tt1032846,7,2018-08-06,"4 luni, 3 saptamâni si 2 zile",https://www.imdb.com/title/tt1032846/,movie,7.9,113,2007,Drama,61010,2007-05-17,Cristian Mungiu
tt1034415,10,2018-12-08,Suspiria,https://www.imdb.com/title/tt1034415/,movie,6.7,152,2018,"Drama, Fantasy, Horror, Mystery, Thriller",80941,2018-09-01,Luca Guadagnino
tt10399760,6,2019-10-23,Myslennyy volk,https://www.imdb.com/title/tt10399760/,movie,4.6,70,2019,Drama,155,2019-06-11,Valeriya Gay Germanika
tt0104431,5,2018-08-03,Home Alone 2: Lost in New York,https://www.imdb.com/title/tt0104431/,movie,6.8,120,1992,"Adventure, Comedy, Crime, Family",369274,1992-11-15,Chris Columbus
tt10448124,10,2021-04-17,West Michigan,https://www.imdb.com/title/tt10448124/,movie,4.8,76,2021,Drama,132,2021-04-13,Riley Warmoth
tt1046173,5,2018-07-30,G.I. Joe: The Rise of Cobra,https://www.imdb.com/title/tt1046173/,movie,5.7,118,2009,"Action, Adventure, Sci-Fi, Thriller",210053,2009-07-27,Stephen Sommers
tt10514240,9,2021-04-10,Like a House on Fire,https://www.imdb.com/title/tt10514240/,movie,6.0,84,2020,Drama,355,2020-09-10,Jesse Noah Klein
tt10515988,6,2021-11-03,Paranormal Activity: Next of Kin,https://www.imdb.com/title/tt10515988/,movie,5.2,98,2021,"Horror, Mystery, Thriller",13256,2021-10-29,William Eubank
tt1055369,5,2018-08-03,Transformers: Revenge of the Fallen,https://www.imdb.com/title/tt1055369/,movie,5.9,149,2009,"Action, Adventure, Sci-Fi",410179,2009-06-08,Michael Bay
tt0105665,10,2022-06-03,Twin Peaks: Fire Walk with Me,https://www.imdb.com/title/tt0105665/,movie,7.2,134,1992,"Drama, Horror, Mystery, Thriller",98626,1992-05-16,David Lynch
tt0107048,7,2018-08-03,Groundhog Day,https://www.imdb.com/title/tt0107048/,movie,8.1,101,1993,"Comedy, Drama, Fantasy, Romance",635822,1993-02-02,Harold Ramis
tt1071875,7,2018-08-03,Ghost Rider: Spirit of Vengeance,https://www.imdb.com/title/tt1071875/,movie,4.3,96,2011,"Action, Fantasy, Thriller",121092,2011-12-11,"Brian Taylor, Mark Neveldine"
tt1072748,6,2018-07-30,Winchester,https://www.imdb.com/title/tt1072748/,movie,5.4,99,2018,"Drama, Fantasy, Horror, Mystery, Thriller",34859,2018-01-31,"Michael Spierig, Peter Spierig"
tt0107692,6,2022-06-12,Jûbê ninpûchô,https://www.imdb.com/title/tt0107692/,movie,7.8,94,1993,"Animation, Action, Adventure, Fantasy, Thriller",38129,1993-06-05,Yoshiaki Kawajiri
tt1078912,6,2018-08-03,Night at the Museum: Battle of the Smithsonian,https://www.imdb.com/title/tt1078912/,movie,6.0,105,2009,"Adventure, Comedy, Family, Fantasy",200060,2009-05-14,Shawn Levy
tt10793644,4,2020-11-28,The Vigil,https://www.imdb.com/title/tt10793644/,movie,5.8,89,2019,"Horror, Mystery, Thriller",8480,2019-09-09,Keith Thomas
tt0108778,10,2021-02-15,Friends,https://www.imdb.com/title/tt0108778/,tvSeries,8.9,22,1994,"Comedy, Romance",1002228,1994-09-22,
tt10919420,7,2021-11-03,Ojing-eo geim,https://www.imdb.com/title/tt10919420/,tvSeries,8.0,55,2021,"Action, Drama, Mystery, Thriller",452013,2021-09-17,
tt1093357,4,2018-07-30,The Darkest Hour,https://www.imdb.com/title/tt1093357/,movie,4.9,89,2011,"Action, Adventure, Horror, Sci-Fi, Thriller",61793,2011-12-22,Chris Gorak
tt10962368,7,2021-04-30,Things Heard & Seen,https://www.imdb.com/title/tt10962368/,movie,5.3,121,2021,"Drama, Horror, Mystery, Thriller",32390,2021-04-29,"Shari Springer Berman, Robert Pulcini"
tt1104001,7,2018-07-25,Tron,https://www.imdb.com/title/tt1104001/,movie,6.8,125,2010,"Action, Adventure, Sci-Fi",340352,2010-11-30,Joseph Kosinski
tt11044858,6,2020-10-17,Nocturne,https://www.imdb.com/title/tt11044858/,movie,5.7,90,2020,"Drama, Horror, Music, Thriller",9782,2020-10-13,Zu Quirke
tt0110622,7,2022-11-10,Naked Gun 33 1/3: The Final Insult,https://www.imdb.com/title/tt0110622/,movie,6.5,83,1994,"Comedy, Crime",106061,1994-03-18,Peter Segal
tt11170862,10,2022-01-28,Cosmos: Possible Worlds,https://www.imdb.com/title/tt11170862/,tvMiniSeries,9.1,45,2020,Documentary,6748,2020-03-09,
tt1127180,7,2018-08-03,Drag Me to Hell,https://www.imdb.com/title/tt1127180/,movie,6.6,99,2009,Horror,206588,2009-03-15,Sam Raimi
tt1129442,4,2018-08-03,Transporter 3,https://www.imdb.com/title/tt1129442/,movie,6.0,104,2008,"Action, Adventure, Thriller",169304,2008-11-26,Olivier Megaton
tt1132203,7,2019-01-27,Ef: A Tale of Memories.,https://www.imdb.com/title/tt1132203/,tvSeries,7.5,,2007,"Animation, Comedy, Drama, Mystery, Romance",805,2007-10-06,
tt1132626,7,2018-08-03,Saw V,https://www.imdb.com/title/tt1132626/,movie,5.8,92,2008,"Crime, Horror, Thriller",126793,2008-10-23,David Hackl
tt1133985,3,2018-07-25,Green Lantern,https://www.imdb.com/title/tt1133985/,movie,5.5,114,2011,"Action, Adventure, Sci-Fi",287345,2011-06-14,Martin Campbell
tt1136608,7,2018-07-30,District 9,https://www.imdb.com/title/tt1136608/,movie,7.9,112,2009,"Action, Sci-Fi, Thriller",685912,2009-08-13,Neill Blomkamp
tt11378876,7,2022-07-09,The Blazing World,https://www.imdb.com/title/tt11378876/,movie,4.4,101,2021,"Horror, Thriller",611,2021-01-31,Carlson Young
tt11394340,10,2021-08-28,Summertime,https://www.imdb.com/title/tt11394340/,movie,6.4,95,2020,"Comedy, Drama, Music",496,2020-01-23,Carlos López Estrada
tt1144884,7,2018-07-30,The Final Destination,https://www.imdb.com/title/tt1144884/,movie,5.1,82,2009,"Horror, Thriller",108207,2009-08-26,David R. Ellis
tt1148204,7,2018-08-08,Orphan,https://www.imdb.com/title/tt1148204/,movie,7.0,123,2009,"Horror, Mystery, Thriller",233990,2009-07-21,Jaume Collet-Serra
tt11563926,7,2022-10-15,The Mulligan,https://www.imdb.com/title/tt11563926/,movie,5.0,125,2022,Drama,194,2022-04-18,Michael O. Sajbel
tt11578862,1,2021-06-06,Steuben County,https://www.imdb.com/title/tt11578862/,movie,3.1,78,2020,Thriller,66,2020-06-01,Sean Mannion
tt0116922,10,2022-05-09,Lost Highway,https://www.imdb.com/title/tt0116922/,movie,7.6,134,1997,"Mystery, Thriller",144612,1997-01-15,David Lynch
tt1170358,7,2018-08-03,The Hobbit: The Desolation of Smaug,https://www.imdb.com/title/tt1170358/,movie,7.8,161,2013,"Adventure, Fantasy",668511,2013-12-02,Peter Jackson
tt1179067,3,2018-07-25,Samyy luchshiy film,https://www.imdb.com/title/tt1179067/,movie,3.0,110,2008,Comedy,2663,2008-01-24,Kirill Kuzin
tt1179069,6,2018-08-03,6 Souls,https://www.imdb.com/title/tt1179069/,movie,6.0,112,2010,"Horror, Thriller",34975,2010-03-27,"Björn Stein, Måns Mårlind"
tt0117951,4,2018-08-18,Trainspotting,https://www.imdb.com/title/tt0117951/,movie,8.1,93,1996,Drama,690798,1996-02-23,Danny Boyle
tt1179904,7,2018-07-25,Paranormal Activity,https://www.imdb.com/title/tt1179904/,movie,6.3,86,2007,"Horror, Mystery",243128,2007-10-14,Oren Peli
tt1179933,4,2018-07-30,10 Cloverfield Lane,https://www.imdb.com/title/tt1179933/,movie,7.2,103,2016,"Drama, Horror, Mystery, Sci-Fi, Thriller",332243,2016-03-08,Dan Trachtenberg
tt1183374,7,2018-08-03,Pet,https://www.imdb.com/title/tt1183374/,movie,5.7,94,2016,"Horror, Thriller",17695,2016-03-11,Carles Torrens
tt11847410,10,2022-02-06,The Fallout,https://www.imdb.com/title/tt11847410/,movie,7.0,96,2021,Drama,22776,2021-03-17,Megan Park
tt0118689,8,2019-01-04,Bean,https://www.imdb.com/title/tt0118689/,movie,6.5,89,1997,"Adventure, Comedy, Family",106541,1997-07-03,Mel Smith
tt1190080,7,2018-12-14,2012,https://www.imdb.com/title/tt1190080/,movie,5.8,158,2009,"Action, Adventure, Sci-Fi",381035,2009-11-11,Roland Emmerich
tt1191111,10,2021-03-06,Enter the Void,https://www.imdb.com/title/tt1191111/,movie,7.2,161,2009,"Drama, Fantasy",81969,2009-05-22,Gaspar Noé
tt0119303,4,2018-08-03,Home Alone 3,https://www.imdb.com/title/tt0119303/,movie,4.5,102,1997,"Action, Comedy, Crime, Family",119867,1997-12-10,Raja Gosnell
tt0119472,7,2018-08-05,Knockin' on Heaven's Door,https://www.imdb.com/title/tt0119472/,movie,7.8,87,1997,"Action, Crime, Comedy, Drama",31278,1997-02-20,Thomas Jahn
tt1197624,7,2018-07-30,Law Abiding Citizen,https://www.imdb.com/title/tt1197624/,movie,7.4,109,2009,"Action, Crime, Drama, Thriller",300827,2009-09-23,F. Gary Gray
tt12004038,8,2022-06-27,Watcher,https://www.imdb.com/title/tt12004038/,movie,6.3,91,2022,"Drama, Horror, Thriller",26369,2022-01-21,Chloe Okuno
tt1201607,8,2018-08-18,Harry Potter and the Deathly Hallows - Part 2,https://www.imdb.com/title/tt1201607/,movie,8.1,130,2011,"Adventure, Family, Fantasy, Mystery",880058,2011-07-07,David Yates
tt12016374,6,2022-01-24,In Passing,https://www.imdb.com/title/tt12016374/,movie,6.2,117,2020,"Drama, Romance",55,2020-01-20,Joshua Prendeville
tt0120263,10,2018-08-19,Sånger från andra våningen,https://www.imdb.com/title/tt0120263/,movie,7.5,98,2000,"Comedy, Drama",19372,2000-05-31,Roy Andersson
tt0120338,7,2018-07-30,Titanic,https://www.imdb.com/title/tt0120338/,movie,7.9,194,1997,"Drama, Romance",1181411,1997-11-01,James Cameron
tt0120382,6,2018-07-25,The Truman Show,https://www.imdb.com/title/tt0120382/,movie,8.2,103,1998,"Comedy, Drama",1087535,1998-06-01,Peter Weir
tt0120616,5,2018-07-25,The Mummy,https://www.imdb.com/title/tt0120616/,movie,7.1,124,1999,"Action, Adventure, Fantasy",434208,1999-04-16,Stephen Sommers
tt0120737,6,2018-07-25,The Lord of the Rings: The Fellowship of the Ring,https://www.imdb.com/title/tt0120737/,movie,8.8,178,2001,"Action, Adventure, Drama, Fantasy",1880691,2001-12-10,Peter Jackson
tt12077032,7,2021-01-06,Kitoboy,https://www.imdb.com/title/tt12077032/,movie,6.5,93,2020,Drama,1379,2020-09-04,Philipp Yuryev
tt12112118,7,2021-02-25,Topi,https://www.imdb.com/title/tt12112118/,tvSeries,6.7,60,2021,"Drama, Thriller",1324,2021-01-28,
tt1224378,7,2018-11-22,Viy,https://www.imdb.com/title/tt1224378/,movie,5.2,130,2014,"Adventure, Fantasy, Mystery, Thriller",6068,2014-01-30,Oleg Stepchenko
tt12262324,10,2022-10-15,God's Waiting Room,https://www.imdb.com/title/tt12262324/,movie,5.9,95,2022,Drama,74,2022-07-08,Tyler Riggs
tt1228705,6,2018-08-03,Iron Man 2,https://www.imdb.com/title/tt1228705/,movie,6.9,124,2010,"Action, Adventure, Sci-Fi",821856,2010-04-26,Jon Favreau
tt1231587,6,2018-09-29,Hot Tub Time Machine,https://www.imdb.com/title/tt1231587/,movie,6.4,101,2010,"Comedy, Sci-Fi",177641,2010-03-17,Steve Pink
tt1233227,6,2018-08-03,Saw VI,https://www.imdb.com/title/tt1233227/,movie,6.0,90,2009,"Horror, Mystery, Thriller",114099,2009-10-22,Kevin Greutert
tt12412166,7,2022-07-13,Veneciafrenia,https://www.imdb.com/title/tt12412166/,movie,5.2,100,2021,"Horror, Thriller",2358,2021-10-09,Álex de la Iglesia
tt1242432,6,2018-08-03,I Spit on Your Grave,https://www.imdb.com/title/tt1242432/,movie,6.2,108,2010,"Horror, Thriller",85952,2010-05-01,Steven R. Monroe
tt12593190,9,2022-07-04,A Beautiful Curse,https://www.imdb.com/title/tt12593190/,movie,4.6,92,2021,Drama,175,2021-03-20,Martin Garde Abildgaard
tt1259521,4,2019-02-11,The Cabin in the Woods,https://www.imdb.com/title/tt1259521/,movie,7.0,95,2011,"Horror, Mystery, Thriller",422648,2011-12-11,Drew Goddard
tt0126029,10,2022-11-21,Shrek,https://www.imdb.com/title/tt0126029/,movie,7.9,90,2001,"Animation, Adventure, Comedy, Family, Fantasy, Romance",682825,2001-04-22,"Vicky Jenson, Andrew Adamson"
tt12618926,10,2022-03-06,Madres paralelas,https://www.imdb.com/title/tt12618926/,movie,7.1,123,2021,Drama,30761,2021-09-01,Pedro Almodóvar
tt1262416,4,2018-07-30,Scream 4,https://www.imdb.com/title/tt1262416/,movie,6.2,111,2011,"Comedy, Horror, Mystery",152365,2011-04-11,Wes Craven
tt1277953,5,2022-11-28,Madagascar 3: Europe's Most Wanted,https://www.imdb.com/title/tt1277953/,movie,6.8,95,2012,"Animation, Adventure, Comedy, Family",184522,2012-05-18,"Conrad Vernon, Tom McGrath, Eric Darnell"
tt1289401,4,2018-08-03,Ghostbusters,https://www.imdb.com/title/tt1289401/,movie,6.8,117,2016,"Action, Comedy, Fantasy, Sci-Fi",234122,2016-07-09,Paul Feig
tt12908084,7,2021-05-20,Happy End,https://www.imdb.com/title/tt12908084/,tvSeries,7.3,40,2021,"Comedy, Drama",512,2021-04-01,
tt1298650,7,2018-08-03,Pirates of the Caribbean: On Stranger Tides,https://www.imdb.com/title/tt1298650/,movie,6.6,137,2011,"Action, Adventure, Fantasy",532374,2011-05-07,Rob Marshall
tt1300854,6,2018-08-03,Iron Man Three,https://www.imdb.com/title/tt1300854/,movie,7.1,130,2013,"Action, Adventure, Sci-Fi",854574,2013-04-14,Shane Black
tt1302011,6,2022-12-02,Kung Fu Panda 2,https://www.imdb.com/title/tt1302011/,movie,7.2,90,2011,"Animation, Action, Adventure, Comedy, Drama, Family, Fantasy",289556,2011-05-22,Jennifer Yuh Nelson
tt13074150,6,2022-06-18,Kazn,https://www.imdb.com/title/tt13074150/,movie,6.8,130,2021,"Crime, Mystery, Thriller",1127,2021-09-23,Lado Kvataniya
tt1314655,6,2018-08-03,Devil,https://www.imdb.com/title/tt1314655/,movie,6.3,80,2010,"Horror, Mystery, Thriller",148711,2010-09-16,John Erick Dowdle
tt1316540,5,2019-10-06,A torinói ló,https://www.imdb.com/title/tt1316540/,movie,7.7,155,2011,Drama,18110,2011-02-15,"Béla Tarr, Ágnes Hranitzky"
tt1318514,4,2018-07-25,Rise of the Planet of the Apes,https://www.imdb.com/title/tt1318514/,movie,7.6,105,2011,"Action, Drama, Sci-Fi, Thriller",532656,2011-07-28,Rupert Wyatt
tt1320244,6,2018-08-03,The Last Exorcism,https://www.imdb.com/title/tt1320244/,movie,5.7,87,2010,"Horror, Mystery, Thriller",50479,2010-06-24,Daniel Stamm
tt13260630,7,2022-07-16,Adeline,https://www.imdb.com/title/tt13260630/,movie,6.3,97,2022,Drama,126,2022-07-12,Greg James
tt13288682,5,2021-04-10,Voyage Into the Night,https://www.imdb.com/title/tt13288682/,movie,4.5,103,2021,"Crime, Drama, Mystery, Thriller",68,2021-04-01,Panwa Sutthinon
tt1333125,5,2018-12-18,Movie 43,https://www.imdb.com/title/tt1333125/,movie,4.3,94,2013,Comedy,107090,2013-01-01,"Rusty Cundieff, Steven Brill, Patrik Forsberg, Bob Odenkirk, James Gunn, James Duffy, Peter Farrelly, Brett Ratner, Elizabeth Banks, Jonathan van Tulleken, Steve Carr, Will Graham, Griffin Dunne"
tt13363828,6,2021-09-05,We Need to Do Something,https://www.imdb.com/title/tt13363828/,movie,4.5,97,2021,"Horror, Mystery",3083,2021-06-10,Sean King O'Grady
tt1345836,7,2018-07-30,The Dark Knight Rises,https://www.imdb.com/title/tt1345836/,movie,8.4,164,2012,"Action, Drama",1709893,2012-07-16,Christopher Nolan
tt13464274,6,2022-05-21,Kicking Blood,https://www.imdb.com/title/tt13464274/,movie,4.4,80,2021,Fantasy,181,2021-09-10,Blaine Thurier
tt13482806,9,2022-05-22,Rien à foutre,https://www.imdb.com/title/tt13482806/,movie,6.4,115,2021,Drama,2534,2021-07-11,"Emmanuel Marre, Julie Lecoustre"
tt13507778,6,2021-08-30,No Man of God,https://www.imdb.com/title/tt13507778/,movie,6.4,100,2021,"Biography, Crime, Drama, Mystery",7846,2021-06-11,Amber Sealey
tt13545494,10,2021-07-11,Madison and the Happiness Jar,https://www.imdb.com/title/tt13545494/,movie,5.4,87,2021,"Drama, Romance",170,2021-06-23,Chrys Phillips
tt13551014,9,2022-06-26,The Nanny's Night,https://www.imdb.com/title/tt13551014/,movie,3.5,75,2021,"Comedy, Horror",225,2021-11-01,Ignacio López
tt1371111,9,2018-07-30,Cloud Atlas,https://www.imdb.com/title/tt1371111/,movie,7.4,172,2012,"Drama, Mystery, Sci-Fi, Thriller",364552,2012-09-08,"Lilly Wachowski, Lana Wachowski, Tom Tykwer"
tt0137523,6,2022-06-22,Fight Club,https://www.imdb.com/title/tt0137523/,movie,8.8,139,1999,Drama,2132248,1999-09-10,David Fincher
tt1375666,7,2018-07-25,Inception,https://www.imdb.com/title/tt1375666/,movie,8.8,148,2010,"Action, Adventure, Sci-Fi, Thriller",2359506,2010-07-08,Christopher Nolan
tt13841850,3,2022-07-05,Men,https://www.imdb.com/title/tt13841850/,movie,6.1,100,2022,"Drama, Fantasy, Horror, Thriller",42804,2022-05-20,Alex Garland
tt1386697,4,2018-07-25,Suicide Squad,https://www.imdb.com/title/tt1386697/,movie,5.9,123,2016,"Action, Adventure, Fantasy, Sci-Fi",689611,2016-08-01,David Ayer
tt13875460,10,2022-01-26,Dvorets dlya Putina. Istoriya samoy bolshoy vzyatki,https://www.imdb.com/title/tt13875460/,movie,8.7,113,2021,Documentary,2151,2021-01-19,Alexei Navalny
tt1392170,6,2018-08-03,The Hunger Games,https://www.imdb.com/title/tt1392170/,movie,7.2,142,2012,"Action, Adventure, Sci-Fi, Thriller",923552,2012-03-12,Gary Ross
tt1397514,4,2018-07-25,Journey 2: The Mysterious Island,https://www.imdb.com/title/tt1397514/,movie,5.7,94,2012,"Action, Adventure, Comedy, Family, Fantasy, Sci-Fi",106128,2012-01-19,Brad Peyton
tt1399103,5,2018-08-03,Transformers: Dark of the Moon,https://www.imdb.com/title/tt1399103/,movie,6.2,154,2011,"Action, Adventure, Sci-Fi",412388,2011-06-23,Michael Bay
tt14064072,7,2022-05-21,Donkeyhead,https://www.imdb.com/title/tt14064072/,movie,6.2,106,2022,Drama,299,2022-01-21,Agam Darshi
tt1409069,5,2018-08-03,Univer,https://www.imdb.com/title/tt1409069/,tvSeries,5.2,25,2008,Comedy,1270,2008-08-25,
tt14121726,5,2022-10-09,Jeepers Creepers: Reborn,https://www.imdb.com/title/tt14121726/,movie,2.5,88,2022,"Horror, Mystery, Thriller",8632,2022-09-14,Timo Vuorensola
tt14147252,8,2021-08-29,About Pie,https://www.imdb.com/title/tt14147252/,movie,5.3,87,2021,Comedy,270,2021-08-24,Joshua M. Lester
tt1424431,6,2018-07-28,Tsar,https://www.imdb.com/title/tt1424431/,movie,6.8,116,2009,"Drama, History",3112,2009-05-17,Pavel Lungin
tt1428538,6,2018-08-22,Hansel & Gretel: Witch Hunters,https://www.imdb.com/title/tt1428538/,movie,6.1,88,2013,"Action, Fantasy, Horror",208755,2013-01-17,Tommy Wirkola
tt14298980,8,2022-06-18,Chikatilo,https://www.imdb.com/title/tt14298980/,tvMiniSeries,6.7,50,2021,"Biography, Crime, Drama, History, Mystery, Thriller",1045,2021-03-18,
tt1438463,7,2018-08-03,Kanikuly strogogo rezhima,https://www.imdb.com/title/tt1438463/,movie,6.2,113,2009,"Adventure, Comedy",3274,2009-08-25,Igor Zaytsev
tt1440129,5,2018-07-30,Battleship,https://www.imdb.com/title/tt1440129/,movie,5.8,131,2012,"Action, Adventure, Sci-Fi, Thriller",249910,2012-04-03,Peter Berg
tt14412446,9,2022-07-12,Moloch,https://www.imdb.com/title/tt14412446/,movie,6.0,99,2022,Horror,4426,2022-05-19,Nico van den Brink
tt1446714,7,2018-08-03,Prometheus,https://www.imdb.com/title/tt1446714/,movie,7.0,124,2012,"Adventure, Mystery, Sci-Fi",613695,2012-04-11,Ridley Scott
tt1454468,6,2018-08-03,Gravity,https://www.imdb.com/title/tt1454468/,movie,7.7,91,2013,"Drama, Sci-Fi, Thriller",829989,2013-08-28,Alfonso Cuarón
tt0145487,6,2018-08-03,Spider-Man,https://www.imdb.com/title/tt0145487/,movie,7.4,121,2002,"Action, Adventure, Sci-Fi",822208,2002-04-30,Sam Raimi
tt1457767,5,2018-07-25,The Conjuring,https://www.imdb.com/title/tt1457767/,movie,7.5,112,2013,"Horror, Mystery, Thriller",513681,2013-06-08,James Wan
tt14596320,7,2022-10-09,Spin Me Round,https://www.imdb.com/title/tt14596320/,movie,5.3,104,2022,"Comedy, Romance",2647,2022-03-12,Jeff Baena
tt1477076,7,2018-08-03,Saw 3D,https://www.imdb.com/title/tt1477076/,movie,5.5,90,2010,"Crime, Horror, Mystery",100346,2010-10-22,Kevin Greutert
tt1477834,5,2018-12-13,Aquaman,https://www.imdb.com/title/tt1477834/,movie,6.8,143,2018,"Action, Adventure, Fantasy, Sci-Fi",478699,2018-11-26,James Wan
tt14821150,8,2022-07-04,Vortex,https://www.imdb.com/title/tt14821150/,movie,7.4,142,2021,Drama,6081,2021-07-16,Gaspar Noé
tt1483013,7,2018-08-03,Oblivion,https://www.imdb.com/title/tt1483013/,movie,7.0,124,2013,"Action, Adventure, Sci-Fi",530124,2013-03-26,Joseph Kosinski
tt14867006,10,2021-10-10,V/H/S/94,https://www.imdb.com/title/tt14867006/,movie,5.5,103,2021,"Horror, Mystery, Thriller",9752,2021-09-26,"Chloe Okuno, Jennifer Reeder, Timo Tjahjanto, Ryan Prows, Steven Kostanski, Simon Barrett"
tt1506452,9,2018-08-06,Pop,https://www.imdb.com/title/tt1506452/,movie,7.1,130,2009,"Drama, History, War",1293,2009-12-31,Vladimir Khotinenko
tt1515091,6,2018-08-03,Sherlock Holmes: A Game of Shadows,https://www.imdb.com/title/tt1515091/,movie,7.4,129,2011,"Action, Adventure, Mystery",458973,2011-12-10,Guy Ritchie
tt15174116,5,2022-07-08,Dashcam,https://www.imdb.com/title/tt15174116/,movie,4.7,80,2021,Horror,3878,2021-09-11,Rob Savage
tt15208276,7,2022-09-03,Summering,https://www.imdb.com/title/tt15208276/,movie,4.5,87,2022,Drama,351,2022-01-22,James Ponsoldt
tt15262246,5,2022-10-26,Guillermo del Toro's Cabinet of Curiosities: Lot 36,https://www.imdb.com/title/tt15262246/,tvEpisode,6.6,45,2022,"Drama, Horror, Mystery, Thriller",11858,2022-10-25,Guillermo Navarro
tt15262276,4,2022-10-26,Guillermo del Toro's Cabinet of Curiosities: Graveyard Rats,https://www.imdb.com/title/tt15262276/,tvEpisode,6.7,37,2022,"Drama, Horror, Mystery, Thriller",10468,2022-10-25,Vincenzo Natali
tt1527186,4,2018-08-25,Melancholia,https://www.imdb.com/title/tt1527186/,movie,7.1,135,2011,"Drama, Sci-Fi",185193,2011-05-18,Lars von Trier
tt1536044,6,2018-08-03,Paranormal Activity 2,https://www.imdb.com/title/tt1536044/,movie,5.7,91,2010,"Horror, Mystery",105678,2010-10-20,Tod Williams
tt1544608,6,2018-08-18,Voice from the Stone,https://www.imdb.com/title/tt1544608/,movie,5.2,94,2017,"Drama, Mystery, Thriller",11643,2017-04-20,Eric D. Howell
tt1548850,7,2018-08-03,Misfits,https://www.imdb.com/title/tt1548850/,tvSeries,8.2,60,2009,"Comedy, Drama, Fantasy, Romance, Sci-Fi",102375,2009-11-12,
tt1560985,6,2018-08-03,The Devil Inside,https://www.imdb.com/title/tt1560985/,movie,4.2,83,2012,Horror,36419,2012-01-05,William Brent Bell
tt1564585,4,2018-07-30,Skyline,https://www.imdb.com/title/tt1564585/,movie,4.5,92,2010,"Action, Sci-Fi, Thriller",90397,2010-11-11,"Greg Strause, Colin Strause"
tt1568346,7,2018-08-07,The Girl with the Dragon Tattoo,https://www.imdb.com/title/tt1568346/,movie,7.8,158,2011,"Crime, Drama, Mystery, Thriller",467367,2011-12-12,David Fincher
tt0156887,8,2022-06-13,Pâfekuto burû,https://www.imdb.com/title/tt0156887/,movie,8.0,81,1997,"Animation, Crime, Drama, Mystery, Thriller",79155,1997-08-05,Satoshi Kon
tt1576699,5,2018-08-03,Mirrors 2,https://www.imdb.com/title/tt1576699/,video,4.8,86,2010,"Horror, Mystery",13039,2010-10-05,Víctor Garcia
tt1585899,6,2018-07-25,Shkola,https://www.imdb.com/title/tt1585899/,tvSeries,6.3,26,2010,"Drama, Romance",844,2010-01-11,
tt1587310,6,2018-08-03,Maleficent,https://www.imdb.com/title/tt1587310/,movie,6.9,97,2014,"Adventure, Family, Fantasy, Romance",379810,2014-05-28,Robert Stromberg
tt0159097,9,2023-01-17,The Virgin Suicides,https://www.imdb.com/title/tt0159097/,movie,7.2,97,1999,"Drama, Romance",157412,1999-05-19,Sofia Coppola
tt1591095,7,2018-07-25,Insidious,https://www.imdb.com/title/tt1591095/,movie,6.8,103,2010,"Horror, Mystery, Thriller",312664,2010-09-14,James Wan
tt1596365,4,2018-08-03,The Woman in Black,https://www.imdb.com/title/tt1596365/,movie,6.4,95,2012,"Drama, Fantasy, Horror, Thriller",185806,2012-01-24,James Watkins
tt1606652,7,2018-07-30,PiraMMMida,https://www.imdb.com/title/tt1606652/,movie,6.4,105,2011,"Biography, Crime, Drama, Thriller",1558,2011-04-07,Eldar Salavatov
tt1622979,7,2018-07-30,Final Destination 5,https://www.imdb.com/title/tt1622979/,movie,5.9,92,2011,"Horror, Thriller",118376,2011-08-04,Steven Quale
tt0163651,6,2019-02-11,American Pie,https://www.imdb.com/title/tt0163651/,movie,7.0,95,1999,Comedy,411020,1999-07-07,"Paul Weitz, Chris Weitz"
tt1647423,7,2018-08-03,Interny,https://www.imdb.com/title/tt1647423/,tvSeries,7.2,25,2010,Comedy,3344,2010-03-29,
tt0164912,6,2018-07-30,Stuart Little,https://www.imdb.com/title/tt0164912/,movie,6.0,84,1999,"Adventure, Comedy, Family, Fantasy",138187,1999-12-05,Rob Minkoff
tt1663202,7,2018-07-25,The Revenant,https://www.imdb.com/title/tt1663202/,movie,8.0,156,2015,"Action, Adventure, Drama, Western",809749,2015-12-16,Alejandro G. Iñárritu
tt1663662,4,2018-07-30,Pacific Rim,https://www.imdb.com/title/tt1663662/,movie,6.9,131,2013,"Action, Adventure, Sci-Fi",506032,2013-07-01,Guillermo del Toro
tt0166896,7,2022-06-03,The Straight Story,https://www.imdb.com/title/tt0166896/,movie,8.0,112,1999,"Biography, Drama",91770,1999-05-21,David Lynch
tt0166924,10,2022-05-04,Mulholland Dr.,https://www.imdb.com/title/tt0166924/,movie,7.9,147,2001,"Drama, Mystery, Thriller",359879,2001-05-16,David Lynch
tt1670345,6,2018-08-03,Now You See Me,https://www.imdb.com/title/tt1670345/,movie,7.2,115,2013,"Crime, Mystery, Thriller",665423,2013-05-21,Louis Leterrier
tt0167260,6,2018-07-30,The Lord of the Rings: The Return of the King,https://www.imdb.com/title/tt0167260/,movie,9.0,201,2003,"Action, Adventure, Drama, Fantasy",1851100,2003-12-01,Peter Jackson
tt0167261,6,2018-07-30,The Lord of the Rings: The Two Towers,https://www.imdb.com/title/tt0167261/,movie,8.8,179,2002,"Action, Adventure, Drama, Fantasy",1671568,2002-12-05,Peter Jackson
tt1675434,3,2018-07-30,Intouchables,https://www.imdb.com/title/tt1675434/,movie,8.5,112,2011,"Biography, Comedy, Drama",862588,2011-09-23,"Olivier Nakache, Éric Toledano"
tt17041964,10,2022-05-10,Navalny,https://www.imdb.com/title/tt17041964/,movie,7.6,98,2022,"Documentary, Biography",14658,2022-01-25,Daniel Roher
tt1714203,4,2018-07-25,Piranha 3DD,https://www.imdb.com/title/tt1714203/,movie,3.8,83,2012,"Comedy, Horror, Sci-Fi, Thriller",43374,2012-05-11,John Gulager
tt1728179,4,2018-08-03,Paranômaru akutibiti: Dai-2-shô - Tokyo Night,https://www.imdb.com/title/tt1728179/,movie,5.1,90,2010,"Horror, Mystery",5073,2010-11-20,Toshikazu Nagae
tt1745787,8,2018-08-06,Plemya,https://www.imdb.com/title/tt1745787/,movie,7.0,126,2014,"Crime, Drama",11382,2014-05-21,Myroslav Slaboshpytskyi
tt1747967,6,2018-08-03,Cassadaga,https://www.imdb.com/title/tt1747967/,movie,5.2,112,2011,"Horror, Thriller",3560,2011-10-22,Anthony DiBlasi
tt1748227,5,2018-08-03,The Collection,https://www.imdb.com/title/tt1748227/,movie,6.1,82,2012,"Action, Adventure, Horror, Thriller",50936,2012-09-21,Marcus Dunstan
tt0175142,8,2022-11-13,Scary Movie,https://www.imdb.com/title/tt0175142/,movie,6.2,88,2000,Comedy,265036,2000-07-07,Keenen Ivory Wayans
tt1753383,6,2018-07-25,A Dog's Purpose,https://www.imdb.com/title/tt1753383/,movie,7.2,100,2017,"Adventure, Comedy, Drama, Family, Fantasy",73853,2017-01-19,Lasse Hallström
tt17677178,5,2022-10-09,Who Invited Them,https://www.imdb.com/title/tt17677178/,movie,5.5,81,2022,"Comedy, Horror",2173,2022-08-26,Duncan Birmingham
tt1778304,7,2018-08-03,Paranormal Activity 3,https://www.imdb.com/title/tt1778304/,movie,5.8,83,2011,"Horror, Mystery",96257,2011-10-14,"Henry Joost, Ariel Schulman"
tt0180093,8,2018-08-06,Requiem for a Dream,https://www.imdb.com/title/tt0180093/,movie,8.3,102,2000,Drama,846279,2000-05-14,Darren Aronofsky
tt1825683,7,2020-02-16,Black Panther,https://www.imdb.com/title/tt1825683/,movie,7.3,134,2018,"Action, Adventure, Sci-Fi",778137,2018-01-29,Ryan Coogler
tt1837341,5,2018-08-03,Realnye patsany,https://www.imdb.com/title/tt1837341/,tvSeries,6.0,24,2010,Comedy,1209,2010-11-08,
tt1840309,4,2018-08-03,Divergent,https://www.imdb.com/title/tt1840309/,movie,6.6,139,2014,"Action, Adventure, Mystery, Sci-Fi",464304,2014-03-18,Neil Burger
tt1853739,7,2018-08-03,You're Next,https://www.imdb.com/title/tt1853739/,movie,6.6,95,2011,"Horror, Thriller",101574,2011-09-10,Adam Wingard
tt1856101,6,2019-02-13,Blade Runner 2049,https://www.imdb.com/title/tt1856101/,movie,8.0,164,2017,"Action, Drama, Mystery, Sci-Fi, Thriller",580141,2017-10-03,Denis Villeneuve
tt1872181,6,2018-08-03,The Amazing Spider-Man 2,https://www.imdb.com/title/tt1872181/,movie,6.6,142,2014,"Action, Adventure, Sci-Fi",502417,2014-04-10,Marc Webb
tt1883180,9,2019-01-27,En duva satt på en gren och funderade på tillvaron,https://www.imdb.com/title/tt1883180/,movie,6.9,101,2014,"Comedy, Drama, Fantasy",18743,2014-09-02,Roy Andersson
tt1922777,7,2018-07-25,Sinister,https://www.imdb.com/title/tt1922777/,movie,6.8,110,2012,"Horror, Mystery, Thriller",257127,2012-03-11,Scott Derrickson
tt1954315,9,2018-08-02,Borgman,https://www.imdb.com/title/tt1954315/,movie,6.7,113,2013,"Drama, Horror, Mystery, Thriller",18084,2013-05-19,Alex van Warmerdam
tt0195714,5,2018-07-30,Final Destination,https://www.imdb.com/title/tt0195714/,movie,6.7,98,2000,"Horror, Thriller",259671,2000-03-16,James Wong
tt1971352,6,2019-08-31,Compliance,https://www.imdb.com/title/tt1971352/,movie,6.4,90,2012,"Crime, Drama, History, Thriller",35480,2012-01-21,Craig Zobel
tt1974419,10,2018-12-08,The Neon Demon,https://www.imdb.com/title/tt1974419/,movie,6.1,117,2016,"Horror, Thriller",97481,2016-05-20,Nicolas Winding Refn
tt19770238,6,2022-11-10,Aftersun,https://www.imdb.com/title/tt19770238/,movie,7.8,102,2022,Drama,20843,2022-05-21,Charlotte Wells
tt1981115,7,2020-02-16,Thor: The Dark World,https://www.imdb.com/title/tt1981115/,movie,6.8,112,2013,"Action, Adventure, Fantasy",687310,2013-10-22,Alan Taylor
tt2015381,7,2020-02-16,Guardians of the Galaxy,https://www.imdb.com/title/tt2015381/,movie,8.0,121,2014,"Action, Adventure, Comedy, Sci-Fi",1184712,2014-07-21,James Gunn
tt2059171,7,2018-08-08,13 Sins,https://www.imdb.com/title/tt2059171/,movie,6.3,93,2014,"Horror, Thriller",37147,2014-03-07,Daniel Stamm
tt2084970,5,2018-08-03,The Imitation Game,https://www.imdb.com/title/tt2084970/,movie,8.0,114,2014,"Biography, Drama, Thriller, War",774378,2014-08-29,Morten Tyldum
tt2085752,10,2019-11-11,Autumn Blood,https://www.imdb.com/title/tt2085752/,movie,5.3,100,2013,"Drama, Thriller",1844,2013-09-14,Markus Blunder
tt2105044,7,2018-08-03,V/H/S,https://www.imdb.com/title/tt2105044/,movie,5.8,116,2012,Horror,64256,2012-01-22,"Adam Wingard, Tyler Gillett, Matt Bettinelli-Olpin, David Bruckner, Glenn McQuaid, Chad Villella, Joe Swanberg, Justin Martinez, Radio Silence, Ti West"
tt2109184,6,2018-08-03,Paranormal Activity 4,https://www.imdb.com/title/tt2109184/,movie,4.6,88,2012,"Horror, Mystery",67445,2012-10-16,"Henry Joost, Ariel Schulman"
tt2109248,6,2018-08-03,Transformers: Age of Extinction,https://www.imdb.com/title/tt2109248/,movie,5.6,165,2014,"Action, Adventure, Sci-Fi",316990,2014-06-19,Michael Bay
tt0211181,6,2018-08-03,102 Dalmatians,https://www.imdb.com/title/tt0211181/,movie,4.8,100,2000,"Adventure, Comedy, Family",38100,2000-11-22,Kevin Lima
tt2116974,5,2018-08-03,"Vysotskiy. Spasibo, chto zhivoy",https://www.imdb.com/title/tt2116974/,movie,6.4,128,2011,"Biography, Drama",2788,2011-12-01,Pyotr Buslov
tt21651560,10,2022-10-20,V/H/S/99,https://www.imdb.com/title/tt21651560/,movie,5.1,109,2022,Horror,4777,2022-09-14,"Joseph Winter, Vanessa Winter, Maggie Levin, Tyler MacIntyre, Johannes Roberts, Flying Lotus"
tt2186848,8,2018-07-25,Landmine Goes Click,https://www.imdb.com/title/tt2186848/,movie,5.9,105,2015,"Action, Crime, Drama, Horror, Thriller",6369,2015-03-03,Levan Bakhia
tt2192582,8,2018-08-07,Rasskazy,https://www.imdb.com/title/tt2192582/,movie,6.9,105,2012,"Comedy, Drama, Mystery",1847,2012-11-15,Mikhail Segal
tt2215221,5,2019-11-11,La religieuse,https://www.imdb.com/title/tt2215221/,movie,6.4,112,2013,Drama,1826,2013-02-10,Guillaume Nicloux
tt2226417,7,2018-08-03,Insidious: Chapter 2,https://www.imdb.com/title/tt2226417/,movie,6.5,106,2013,"Horror, Mystery, Thriller",173539,2013-09-13,James Wan
tt2235779,5,2018-08-03,The Quiet Ones,https://www.imdb.com/title/tt2235779/,movie,5.1,98,2014,"Horror, Mystery, Thriller",20603,2014-04-01,John Pogue
tt2258281,8,2018-07-25,Dupa dealuri,https://www.imdb.com/title/tt2258281/,movie,7.5,152,2012,Drama,12650,2012-05-19,Cristian Mungiu
tt2267968,7,2022-12-02,Kung Fu Panda 3,https://www.imdb.com/title/tt2267968/,movie,7.1,95,2016,"Animation, Action, Adventure, Comedy, Family, Fantasy",162764,2016-01-16,"Alessandro Carloni, Jennifer Yuh Nelson"
tt2304933,3,2018-07-25,The 5th Wave,https://www.imdb.com/title/tt2304933/,movie,5.2,112,2016,"Action, Adventure, Sci-Fi, Thriller",111333,2016-01-14,J Blakeson
tt2309260,7,2018-08-03,The Gallows,https://www.imdb.com/title/tt2309260/,movie,4.2,81,2015,"Horror, Mystery, Thriller",20857,2015-07-09,"Travis Cluff, Chris Lofing"
tt2310332,7,2018-08-03,The Hobbit: The Battle of the Five Armies,https://www.imdb.com/title/tt2310332/,movie,7.4,144,2014,"Adventure, Fantasy",537775,2014-12-01,Peter Jackson
tt2315582,6,2018-08-03,Una,https://www.imdb.com/title/tt2315582/,movie,6.2,94,2016,Drama,10836,2016-09-02,Benedict Andrews
tt2321549,3,2018-07-25,The Babadook,https://www.imdb.com/title/tt2321549/,movie,6.8,94,2014,"Horror, Mystery",228330,2014-01-17,Jennifer Kent
tt2372461,7,2018-08-08,1210,https://www.imdb.com/title/tt2372461/,movie,6.2,73,2012,Drama,46,2012-10-25,"Arseniy Gonchukov, Marina Gelfand"
tt2379308,7,2022-09-04,Psycho-Pass,https://www.imdb.com/title/tt2379308/,tvSeries,8.2,25,2012,"Animation, Action, Crime, Mystery, Sci-Fi, Thriller",19782,2012-10-11,
tt2386588,10,2020-02-11,Meshok bez dna,https://www.imdb.com/title/tt2386588/,movie,6.2,104,2017,"Drama, History, Mystery",211,2017-06-26,Rustam Khamdamov
tt2388715,7,2018-07-25,Oculus,https://www.imdb.com/title/tt2388715/,movie,6.5,104,2013,"Horror, Mystery, Thriller",131592,2013-09-08,Mike Flanagan
tt0241527,9,2022-12-14,Harry Potter and the Sorcerer's Stone,https://www.imdb.com/title/tt0241527/,movie,7.6,152,2001,"Adventure, Family, Fantasy",786514,2001-11-04,Chris Columbus
tt2416822,9,2018-08-20,Doch,https://www.imdb.com/title/tt2416822/,movie,7.4,110,2012,Drama,490,2012-06-30,"Aleksandr Kasatkin, Natalya Nazarova"
tt0243585,6,2018-07-30,Stuart Little 2,https://www.imdb.com/title/tt0243585/,movie,5.5,77,2002,"Animation, Adventure, Comedy, Family, Fantasy",55379,2002-07-14,Rob Minkoff
tt2450186,8,2022-11-01,V/H/S/2,https://www.imdb.com/title/tt2450186/,movie,6.0,96,2013,"Horror, Sci-Fi",41182,2013-01-19,"Jason Eisener, Gregg Hale, Adam Wingard, Simon Barrett, Eduardo Sánchez, Gareth Evans, Timo Tjahjanto"
tt2473510,6,2018-08-18,Paranormal Activity: The Ghost Dimension,https://www.imdb.com/title/tt2473510/,movie,4.6,88,2015,"Horror, Mystery",28764,2015-10-20,Gregory Plotkin
tt2473682,6,2018-08-03,Paranormal Activity: The Marked Ones,https://www.imdb.com/title/tt2473682/,movie,5.0,84,2014,"Horror, Mystery",43535,2014-01-01,Christopher Landon
tt2557490,10,2022-02-06,A Million Ways to Die in the West,https://www.imdb.com/title/tt2557490/,movie,6.1,116,2014,"Comedy, Western",191516,2014-05-15,Seth MacFarlane
tt0257106,6,2022-11-15,Scary Movie 2,https://www.imdb.com/title/tt0257106/,movie,5.3,83,2001,"Comedy, Horror",164306,2001-07-04,Keenen Ivory Wayans
tt0259324,7,2018-08-03,Ghost Rider,https://www.imdb.com/title/tt0259324/,movie,5.2,110,2007,"Action, Fantasy, Thriller",241818,2007-02-14,Mark Steven Johnson
tt2625810,8,2018-07-27,Into the Forest,https://www.imdb.com/title/tt2625810/,movie,5.8,101,2015,"Drama, Thriller",21244,2015-09-12,Patricia Rozema
tt0267913,5,2019-02-11,Scooby-Doo,https://www.imdb.com/title/tt0267913/,movie,5.2,89,2002,"Adventure, Comedy, Family, Fantasy, Mystery",115924,2002-06-08,Raja Gosnell
tt2692250,6,2018-08-03,Night at the Museum: Secret of the Tomb,https://www.imdb.com/title/tt2692250/,movie,6.2,98,2014,"Adventure, Comedy, Family, Fantasy",125261,2014-12-17,Shawn Levy
tt2752758,7,2018-08-03,Devil's Due,https://www.imdb.com/title/tt2752758/,movie,4.1,89,2014,"Horror, Mystery",17102,2014-01-16,"Matt Bettinelli-Olpin, Tyler Gillett"
tt2752772,5,2018-08-03,Sinister 2,https://www.imdb.com/title/tt2752772/,movie,5.3,97,2015,"Horror, Mystery, Thriller",56420,2015-08-19,Ciarán Foy
tt2758880,10,2019-03-04,Kis Uykusu,https://www.imdb.com/title/tt2758880/,movie,8.1,196,2014,Drama,52331,2014-05-16,Nuri Bilge Ceylan
tt0277078,8,2019-11-22,Knocking on Heaven's Door,https://www.imdb.com/title/tt0277078/,video,8.3,89,1997,Drama,1536,1997-02-20,Roger Larry
tt0290673,8,2020-02-24,Irréversible,https://www.imdb.com/title/tt0290673/,movie,7.3,97,2002,"Crime, Drama, Mystery, Thriller",137513,2002-05-22,Gaspar Noé
tt2918436,6,2018-08-03,The Lazarus Effect,https://www.imdb.com/title/tt2918436/,movie,5.2,83,2015,"Horror, Mystery, Sci-Fi, Thriller",44431,2015-02-17,David Gelb
tt2930610,6,2018-08-03,Kukhnya,https://www.imdb.com/title/tt2930610/,tvSeries,8.5,25,2012,"Adventure, Comedy, Drama",5081,2012-10-22,
tt2934404,8,2018-08-09,Intimnye mesta,https://www.imdb.com/title/tt2934404/,movie,5.4,80,2013,"Comedy, Drama, Romance",729,2013-06-05,"Aleksey Chupov, Natasha Merkulova"
tt2947556,5,2018-08-24,Lady of Csejte,https://www.imdb.com/title/tt2947556/,movie,4.0,106,2015,Horror,676,2015-02-26,Andrei Konst
tt2948712,8,2018-08-08,Parlor,https://www.imdb.com/title/tt2948712/,movie,4.7,98,2015,Horror,2409,2015-05-12,"Devon Downs, Kenny Gage"
tt0295297,8,2022-12-14,Harry Potter and the Chamber of Secrets,https://www.imdb.com/title/tt0295297/,movie,7.4,161,2002,"Adventure, Family, Fantasy, Mystery",641034,2002-11-03,Chris Columbus
tt2953050,7,2022-01-22,Encanto,https://www.imdb.com/title/tt2953050/,movie,7.2,102,2021,"Animation, Comedy, Family, Fantasy, Musical",225384,2021-11-03,"Jared Bush, Charise Castro Smith, Byron Howard"
tt0298130,7,2018-07-25,The Ring,https://www.imdb.com/title/tt0298130/,movie,7.1,115,2002,"Horror, Mystery",353997,2002-10-02,Gore Verbinski
tt0298148,9,2022-11-21,Shrek 2,https://www.imdb.com/title/tt0298148/,movie,7.3,93,2004,"Animation, Adventure, Comedy, Family, Fantasy, Romance",468643,2004-05-08,"Conrad Vernon, Kelly Asbury, Andrew Adamson"
tt0304141,7,2022-12-18,Harry Potter and the Prisoner of Azkaban,https://www.imdb.com/title/tt0304141/,movie,7.9,142,2004,"Adventure, Family, Fantasy, Mystery",639986,2004-05-23,Alfonso Cuarón
tt0306047,7,2022-11-15,Scary Movie 3,https://www.imdb.com/title/tt0306047/,movie,5.5,84,2003,Comedy,149678,2003-10-20,David Zucker
tt3065204,5,2018-07-25,The Conjuring 2,https://www.imdb.com/title/tt3065204/,movie,7.3,134,2016,"Horror, Mystery, Thriller",274716,2016-05-13,James Wan
tt0309593,6,2018-07-30,Final Destination 2,https://www.imdb.com/title/tt0309593/,movie,6.2,90,2003,"Horror, Thriller",170251,2003-01-30,David R. Ellis
tt3096782,10,2018-08-23,O Grande Circo Místico,https://www.imdb.com/title/tt3096782/,movie,5.2,105,2018,Drama,606,2018-05-12,Carlos Diegues
tt3111516,5,2019-08-07,The Convent,https://www.imdb.com/title/tt3111516/,movie,4.1,81,2018,"Fantasy, Horror",1508,2018-08-25,Paul Hyett
tt3150834,9,2018-08-06,Dialogi,https://www.imdb.com/title/tt3150834/,movie,6.6,91,2013,Drama,92,2013-06-30,Irina Volkova
tt0316654,6,2018-08-03,Spider-Man 2,https://www.imdb.com/title/tt0316654/,movie,7.4,127,2004,"Action, Adventure, Sci-Fi",658079,2004-06-25,Sam Raimi
tt3195644,6,2018-08-03,Insidious: Chapter 3,https://www.imdb.com/title/tt3195644/,movie,6.1,97,2015,"Horror, Mystery, Thriller",106829,2015-05-28,Leigh Whannell
tt0325980,6,2018-07-25,Pirates of the Caribbean: The Curse of the Black Pearl,https://www.imdb.com/title/tt0325980/,movie,8.1,143,2003,"Action, Adventure, Fantasy",1131806,2003-06-28,Gore Verbinski
tt0326672,10,2019-01-12,Chobits,https://www.imdb.com/title/tt0326672/,tvSeries,7.3,,2002,"Animation, Comedy, Drama, Romance, Sci-Fi",4518,2002-04-02,
tt3278330,7,2018-08-23,Il racconto dei racconti - Tale of Tales,https://www.imdb.com/title/tt3278330/,movie,6.4,134,2015,"Drama, Fantasy, Horror",29243,2015-05-14,Matteo Garrone
tt0329200,3,2018-08-03,The Wonderful World of Disney: Home Alone 4: Taking Back the House,https://www.imdb.com/title/tt0329200/,tvEpisode,2.6,84,2002,"Adventure, Comedy, Drama, Family, Fantasy",37837,2002-11-03,Rod Daniel
tt0330373,7,2018-08-03,Harry Potter and the Goblet of Fire,https://www.imdb.com/title/tt0330373/,movie,7.7,157,2005,"Adventure, Family, Fantasy, Mystery",632139,2005-11-06,Mike Newell
tt3312830,8,2018-07-25,Youth,https://www.imdb.com/title/tt3312830/,movie,7.3,124,2015,"Comedy, Drama, Music, Romance",79692,2015-05-20,Paolo Sorrentino
tt3322940,5,2018-07-25,Annabelle,https://www.imdb.com/title/tt3322940/,movie,5.4,99,2014,"Horror, Mystery, Thriller",162065,2014-09-29,John R. Leonetti
tt0344854,6,2018-08-03,Arthur et les Minimoys,https://www.imdb.com/title/tt0344854/,movie,6.0,94,2006,"Animation, Adventure, Comedy, Family, Fantasy",38230,2006-11-29,Luc Besson
tt3468698,7,2018-08-03,Excess Flesh,https://www.imdb.com/title/tt3468698/,movie,3.7,103,2015,"Drama, Horror, Thriller",890,2015-03-13,Patrick Kennelly
tt3481634,6,2018-08-03,Inconceivable,https://www.imdb.com/title/tt3481634/,movie,5.2,105,2017,"Drama, Thriller",10277,2017-06-30,Jonathan Baker
tt3501632,7,2020-02-16,Thor: Ragnarok,https://www.imdb.com/title/tt3501632/,movie,7.9,130,2017,"Action, Adventure, Comedy, Fantasy, Sci-Fi",756982,2017-10-10,Taika Waititi
tt0351283,9,2022-11-23,Madagascar,https://www.imdb.com/title/tt0351283/,movie,6.9,86,2005,"Animation, Adventure, Comedy, Family",408784,2005-05-25,"Tom McGrath, Eric Darnell"
tt3520418,6,2018-08-03,We Are Still Here,https://www.imdb.com/title/tt3520418/,movie,5.7,84,2015,"Horror, Mystery",19132,2015-03-15,Ted Geoghegan
tt0356634,6,2018-07-30,Garfield,https://www.imdb.com/title/tt0356634/,movie,5.0,80,2004,"Animation, Adventure, Comedy, Family, Fantasy",88320,2004-06-06,Peter Hewitt
tt3567288,6,2018-07-25,The Visit,https://www.imdb.com/title/tt3567288/,movie,6.2,94,2015,"Horror, Mystery, Thriller",136917,2015-08-30,M. Night Shyamalan
tt3605418,8,2019-04-17,Knock Knock,https://www.imdb.com/title/tt3605418/,movie,4.9,99,2015,"Crime, Drama, Horror, Thriller",96583,2015-01-23,Eli Roth
tt0360717,6,2018-07-30,King Kong,https://www.imdb.com/title/tt0360717/,movie,7.2,187,2005,"Action, Adventure, Drama, Romance",427157,2005-12-05,Peter Jackson
tt0363771,6,2018-08-03,"The Chronicles of Narnia: The Lion, the Witch and the Wardrobe",https://www.imdb.com/title/tt0363771/,movie,6.9,143,2005,"Adventure, Family, Fantasy",403388,2005-12-07,Andrew Adamson
tt3656076,4,2018-08-03,Fizruk,https://www.imdb.com/title/tt3656076/,tvSeries,6.8,25,2014,"Comedy, Crime, Drama, Romance",2479,2014-04-07,
tt3666024,8,2021-02-15,La tortue rouge,https://www.imdb.com/title/tt3666024/,movie,7.5,80,2016,"Animation, Drama, Family, Fantasy",35866,2016-05-18,Michael Dudok de Wit
tt0367594,7,2018-08-03,Charlie and the Chocolate Factory,https://www.imdb.com/title/tt0367594/,movie,6.7,115,2005,"Adventure, Comedy, Family, Fantasy, Musical",487549,2005-07-10,Tim Burton
tt0369610,5,2018-07-30,Jurassic World,https://www.imdb.com/title/tt0369610/,movie,6.9,124,2015,"Action, Adventure, Sci-Fi",646801,2015-05-29,Colin Trevorrow
tt3704538,6,2018-08-03,V/H/S Viral,https://www.imdb.com/title/tt3704538/,movie,4.2,81,2014,"Horror, Thriller",17699,2014-08-25,"Nacho Vigalondo, Marcel Sarmiento, Todd Lincoln, Aaron Moorhead, Justin Benson, Gregg Bishop"
tt3713166,5,2018-08-03,Unfriended,https://www.imdb.com/title/tt3713166/,movie,5.6,83,2014,"Horror, Mystery, Thriller",77099,2014-07-20,Levan Gabriadze
tt0371746,6,2018-08-03,Iron Man,https://www.imdb.com/title/tt0371746/,movie,7.9,126,2008,"Action, Adventure, Sci-Fi",1063415,2008-04-14,Jon Favreau
tt3719414,9,2018-08-03,Smertelno zhivoy,https://www.imdb.com/title/tt3719414/,movie,6.5,78,2015,"Crime, Drama, Thriller",94,2015-04-16,Maksim Stetskov
tt0373051,5,2018-07-25,Journey to the Center of the Earth,https://www.imdb.com/title/tt0373051/,movie,5.8,93,2008,"Action, Adventure, Family, Fantasy, Sci-Fi",124689,2008-07-10,Eric Brevig
tt0373889,6,2018-08-03,Harry Potter and the Order of the Phoenix,https://www.imdb.com/title/tt0373889/,movie,7.5,138,2007,"Action, Adventure, Family, Fantasy, Mystery",587128,2007-06-28,David Yates
tt0375210,6,2018-08-03,White Noise,https://www.imdb.com/title/tt0375210/,movie,5.5,101,2005,"Drama, Horror, Mystery, Thriller",49552,2005-01-07,Geoffrey Sax
tt0375355,8,2021-02-15,Joey,https://www.imdb.com/title/tt0375355/,tvSeries,6.0,22,2004,"Comedy, Romance",43178,2004-09-09,
tt3755154,7,2020-08-15,Hippopotamus,https://www.imdb.com/title/tt3755154/,movie,5.3,77,2018,"Drama, Thriller",1062,2018-01-02,Edward A. Palmer
tt3759298,10,2019-10-20,Ashes in the Snow,https://www.imdb.com/title/tt3759298/,movie,6.6,98,2018,"Drama, History, Romance, War",6430,2018-09-21,Marius A. Markevicius
tt0377109,5,2018-08-03,The Ring Two,https://www.imdb.com/title/tt0377109/,movie,5.4,110,2005,"Horror, Mystery",97441,2005-03-17,Hideo Nakata
tt0379217,5,2022-05-18,Coffee and Cigarettes,https://www.imdb.com/title/tt0379217/,movie,7.0,95,2003,"Comedy, Drama, Music",64410,2003-09-05,Jim Jarmusch
tt3804810,7,2022-05-04,I mysi patrí do nebe,https://www.imdb.com/title/tt3804810/,movie,6.6,80,2021,"Animation, Adventure, Comedy, Family, Fantasy",527,2021-06-11,"Denisa Grimmová, Jan Bubenicek"
tt0383574,8,2022-12-05,Pirates of the Caribbean: Dead Man's Chest,https://www.imdb.com/title/tt0383574/,movie,7.3,151,2006,"Action, Adventure, Fantasy",724114,2006-06-24,Gore Verbinski
tt0384537,6,2018-08-03,Silent Hill,https://www.imdb.com/title/tt0384537/,movie,6.5,125,2006,"Horror, Mystery",233226,2006-04-20,Christophe Gans
tt0384806,5,2018-07-25,The Amityville Horror,https://www.imdb.com/title/tt0384806/,movie,5.9,90,2005,Horror,113460,2005-04-07,Andrew Douglas
tt0386676,9,2022-11-01,The Office,https://www.imdb.com/title/tt0386676/,tvSeries,9.0,22,2005,Comedy,607507,2005-03-24,
tt0387564,7,2018-07-25,Saw,https://www.imdb.com/title/tt0387564/,movie,7.6,103,2004,"Horror, Mystery, Thriller",426333,2004-01-19,James Wan
tt3882082,3,2018-08-03,The Boy,https://www.imdb.com/title/tt3882082/,movie,6.0,97,2016,"Horror, Mystery, Thriller",94510,2016-01-20,William Brent Bell
tt3893280,4,2018-08-18,The Ticket,https://www.imdb.com/title/tt3893280/,movie,5.4,97,2016,Drama,2942,2016-04-16,Ido Fluk
tt3896198,9,2019-05-04,Guardians of the Galaxy Vol. 2,https://www.imdb.com/title/tt3896198/,movie,7.6,136,2017,"Action, Adventure, Comedy, Sci-Fi",686716,2017-04-10,James Gunn
tt0391198,5,2018-08-03,The Grudge,https://www.imdb.com/title/tt0391198/,movie,5.9,91,2004,"Horror, Mystery, Thriller",146382,2004-10-12,Takashi Shimizu
tt3924450,10,2019-02-11,Zvezda,https://www.imdb.com/title/tt3924450/,movie,7.0,128,2014,"Comedy, Drama",1021,2014-06-18,Anna Melikyan
tt0396171,7,2018-08-03,Perfume: The Story of a Murderer,https://www.imdb.com/title/tt0396171/,movie,7.5,147,2006,"Crime, Drama, Fantasy",253655,2006-09-07,Tom Tykwer
tt3967856,4,2018-07-25,Okja,https://www.imdb.com/title/tt3967856/,movie,7.3,120,2017,"Action, Adventure, Drama, Sci-Fi",123516,2017-05-19,Bong Joon Ho
tt0397101,10,2022-11-24,The Skeleton Key,https://www.imdb.com/title/tt0397101/,movie,6.5,104,2005,"Drama, Horror, Mystery, Thriller",117063,2005-07-29,Iain Softley
tt3991412,7,2018-08-27,The 9th Life of Louis Drax,https://www.imdb.com/title/tt3991412/,movie,6.3,108,2016,Thriller,14646,2016-09-01,Alexandre Aja
tt3993732,7,2018-08-03,III,https://www.imdb.com/title/tt3993732/,movie,4.8,80,2015,"Drama, Horror, Thriller",1803,2015-03-02,Pavel Khvaleev
tt4016934,8,2022-05-31,Ah-ga-ssi,https://www.imdb.com/title/tt4016934/,movie,8.1,145,2016,"Drama, Romance, Thriller",150564,2016-05-14,Park Chan-wook
tt4024814,7,2018-07-30,Fucking Berlin,https://www.imdb.com/title/tt4024814/,movie,5.2,94,2016,"Drama, Romance",2285,2016-10-06,Florian Gottschick
tt0040746,5,2018-07-25,Rope,https://www.imdb.com/title/tt0040746/,movie,7.9,80,1948,"Crime, Drama, Mystery, Thriller",145450,1948-08-23,Alfred Hitchcock
tt0408236,7,2018-07-30,Sweeney Todd: The Demon Barber of Fleet Street,https://www.imdb.com/title/tt0408236/,movie,7.3,116,2007,"Drama, Horror, Musical, Thriller",372062,2007-12-03,Tim Burton
tt4093826,10,2022-06-12,Twin Peaks,https://www.imdb.com/title/tt4093826/,tvSeries,8.5,60,2017,"Crime, Drama, Horror, Mystery, Thriller",68808,2017-03-14,
tt0409799,6,2018-09-03,Cashback,https://www.imdb.com/title/tt0409799/,short,7.6,18,2004,"Short, Comedy, Drama",10905,2004-08-01,Sean Ellis
tt4126438,6,2018-08-18,The Ones Below,https://www.imdb.com/title/tt4126438/,movie,6.1,87,2015,"Drama, Thriller",10642,2015-09-13,David Farr
tt0413267,6,2022-11-22,Shrek the Third,https://www.imdb.com/title/tt0413267/,movie,6.1,93,2007,"Animation, Adventure, Comedy, Family, Fantasy, Romance",311102,2007-05-06,"Chris Miller, Raman Hui"
tt0413300,7,2018-08-03,Spider-Man 3,https://www.imdb.com/title/tt0413300/,movie,6.3,139,2007,"Action, Adventure, Sci-Fi",595478,2007-04-03,Sam Raimi
tt0414982,5,2018-07-30,Final Destination 3,https://www.imdb.com/title/tt0414982/,movie,5.8,93,2006,"Horror, Thriller",144834,2006-02-02,James Wong
tt0414993,10,2020-09-27,The Fountain,https://www.imdb.com/title/tt0414993/,movie,7.2,97,2006,"Drama, Mystery, Romance, Sci-Fi",241116,2006-09-04,Darren Aronofsky
tt4154756,7,2020-02-16,Avengers: Infinity War,https://www.imdb.com/title/tt4154756/,movie,8.4,149,2018,"Action, Adventure, Sci-Fi",1085982,2018-04-23,"Anthony Russo, Joe Russo"
tt4154796,7,2020-02-16,Avengers: Endgame,https://www.imdb.com/title/tt4154796/,movie,8.4,181,2019,"Action, Adventure, Drama, Sci-Fi",1136644,2019-04-22,"Anthony Russo, Joe Russo"
tt4160708,7,2018-07-25,Don't Breathe,https://www.imdb.com/title/tt4160708/,movie,7.1,88,2016,"Crime, Horror, Thriller",278711,2016-03-12,Fede Alvarez
tt0417741,7,2018-08-03,Harry Potter and the Half-Blood Prince,https://www.imdb.com/title/tt0417741/,movie,7.6,153,2009,"Action, Adventure, Family, Fantasy, Mystery",550528,2009-07-06,David Yates
tt0418279,3,2018-07-25,Transformers,https://www.imdb.com/title/tt0418279/,movie,7.0,144,2007,"Action, Adventure, Sci-Fi",642567,2007-06-12,Michael Bay
tt4209590,6,2018-08-12,We Are Monsters,https://www.imdb.com/title/tt4209590/,movie,3.5,78,2015,"Drama, Horror, Thriller",595,2015-05-02,"Sonny Laguna, Tommy Wiklund"
tt4247428,8,2019-04-08,Endorphine,https://www.imdb.com/title/tt4247428/,movie,6.0,84,2015,Drama,680,2015-09-11,André Turpin
tt0432348,5,2018-08-03,Saw II,https://www.imdb.com/title/tt0432348/,movie,6.6,93,2005,"Horror, Mystery",255932,2005-10-28,Darren Lynn Bousman
tt4334266,10,2019-08-27,The Bad Batch,https://www.imdb.com/title/tt4334266/,movie,5.2,118,2016,"Action, Horror, Mystery, Romance, Sci-Fi",32583,2016-09-06,Ana Lily Amirpour
tt0436339,4,2018-07-30,G-Force,https://www.imdb.com/title/tt0436339/,movie,5.1,88,2009,"Animation, Action, Adventure, Comedy, Family, Fantasy, Sci-Fi",47423,2009-07-19,Hoyt Yeatman
tt0437086,7,2019-02-19,Alita: Battle Angel,https://www.imdb.com/title/tt0437086/,movie,7.3,122,2019,"Action, Adventure, Sci-Fi, Thriller",272013,2019-01-31,Robert Rodriguez
tt0438488,6,2018-07-30,Terminator Salvation,https://www.imdb.com/title/tt0438488/,movie,6.5,115,2009,"Action, Adventure, Sci-Fi",365126,2009-05-14,McG
tt0441773,8,2022-12-02,Kung Fu Panda,https://www.imdb.com/title/tt0441773/,movie,7.6,92,2008,"Animation, Action, Adventure, Comedy, Family, Fantasy",475269,2008-05-15,"John Stevenson, Mark Osborne"
tt0445161,6,2019-02-11,4,https://www.imdb.com/title/tt0445161/,movie,6.5,126,2004,"Drama, Mystery, Sci-Fi",2195,2004-09-10,Ilya Khrzhanovskiy
tt0445336,7,2018-12-08,Du levande,https://www.imdb.com/title/tt0445336/,movie,7.4,95,2007,"Comedy, Drama, Music",15692,2007-05-24,Roy Andersson
tt4471388,6,2018-07-30,Mafiya: Igra na vyzhivanie,https://www.imdb.com/title/tt4471388/,movie,4.3,91,2016,"Action, Sci-Fi, Thriller",3193,2016-01-01,Sarik Andreasyan
tt0448115,7,2019-04-03,Shazam!,https://www.imdb.com/title/tt0448115/,movie,7.0,132,2019,"Action, Adventure, Comedy, Fantasy",342813,2019-03-25,David F. Sandberg
tt0449088,6,2018-08-03,Pirates of the Caribbean: At World's End,https://www.imdb.com/title/tt0449088/,movie,7.1,169,2007,"Action, Adventure, Fantasy",656129,2007-05-19,Gore Verbinski
tt0450278,5,2018-07-25,Hostel,https://www.imdb.com/title/tt0450278/,movie,5.9,94,2005,Horror,182707,2005-09-17,Eli Roth
tt0450385,5,2018-07-25,1408,https://www.imdb.com/title/tt0450385/,movie,6.8,104,2007,"Fantasy, Horror, Mystery",277594,2007-06-12,Mikael Håfström
tt4511200,8,2018-08-03,Manifesto,https://www.imdb.com/title/tt4511200/,movie,6.5,95,2015,Drama,6714,2015-12-09,Julian Rosefeldt
tt4520340,6,2018-08-04,Last Girl Standing,https://www.imdb.com/title/tt4520340/,movie,4.8,91,2015,"Drama, Horror",1322,2015-08-31,Benjamin R. Moody
tt4532038,6,2022-05-25,The War with Grandpa,https://www.imdb.com/title/tt4532038/,movie,5.6,94,2020,"Comedy, Drama, Family",21723,2020-08-27,Tim Hill
tt0453451,8,2019-01-04,Mr. Bean's Holiday,https://www.imdb.com/title/tt0453451/,movie,6.4,90,2007,"Comedy, Family",127949,2007-03-22,Steve Bendelack
tt0454876,7,2018-07-30,Life of Pi,https://www.imdb.com/title/tt0454876/,movie,7.9,127,2012,"Adventure, Drama, Fantasy",635069,2012-09-28,Ang Lee
tt4550098,10,2018-12-16,Nocturnal Animals,https://www.imdb.com/title/tt4550098/,movie,7.5,116,2016,"Drama, Thriller",283204,2016-09-02,Tom Ford
tt0455499,5,2018-07-30,Garfield: A Tale of Two Kitties,https://www.imdb.com/title/tt0455499/,movie,5.0,82,2006,"Animation, Adventure, Comedy, Family",44092,2006-06-15,"Steven Rimdzius, Tim Hill"
tt0455760,6,2018-09-03,Dead Silence,https://www.imdb.com/title/tt0455760/,movie,6.1,89,2007,"Horror, Mystery, Thriller",96150,2007-03-16,James Wan
tt4559932,4,2018-08-08,Prizrak,https://www.imdb.com/title/tt4559932/,movie,6.5,90,2015,"Comedy, Family, Fantasy",971,2015-03-26,Aleksandr Voytinskiy
tt0458525,5,2018-07-30,X-Men Origins: Wolverine,https://www.imdb.com/title/tt0458525/,movie,6.5,107,2009,"Action, Sci-Fi",508888,2009-04-08,Gavin Hood
tt4590256,7,2021-08-29,He's All That,https://www.imdb.com/title/tt4590256/,movie,4.4,88,2021,"Comedy, Romance",25703,2021-08-27,Mark Waters
tt0460740,6,2018-08-12,Cashback,https://www.imdb.com/title/tt0460740/,movie,7.1,102,2006,"Comedy, Drama, Romance",88059,2006-09-10,Sean Ellis
tt4638148,10,2019-02-21,Braid,https://www.imdb.com/title/tt4638148/,movie,5.2,82,2018,"Crime, Horror, Mystery, Thriller",3617,2018-04-22,Mitzi Peirone
tt0464154,5,2018-07-25,Piranha 3D,https://www.imdb.com/title/tt0464154/,movie,5.5,88,2010,"Comedy, Horror",92683,2010-08-20,Alexandre Aja
tt0466043,6,2018-09-03,Khottabych,https://www.imdb.com/title/tt0466043/,movie,6.2,92,2006,"Comedy, Fantasy, Sci-Fi",1837,2006-08-10,Pyotr Tochilin
tt4667094,7,2022-11-13,Fifty Shades of Black,https://www.imdb.com/title/tt4667094/,movie,3.5,92,2016,Comedy,21945,2016-01-28,Michael Tiddes
tt4682708,6,2018-07-30,Tenemos la carne,https://www.imdb.com/title/tt4682708/,movie,4.7,79,2016,"Drama, Fantasy, Horror",2922,2016-02-02,Emiliano Rocha Minter
tt0468569,7,2018-07-30,The Dark Knight,https://www.imdb.com/title/tt0468569/,movie,9.0,152,2008,"Action, Crime, Drama, Thriller",2660102,2008-07-14,Christopher Nolan
tt4686844,8,2018-07-25,The Death of Stalin,https://www.imdb.com/title/tt4686844/,movie,7.2,107,2017,"Comedy, Drama, History",104826,2017-09-08,Armando Iannucci
tt4729896,9,2019-04-28,Apostasy,https://www.imdb.com/title/tt4729896/,movie,6.9,95,2017,Drama,2385,2017-09-08,Daniel Kokotajlo
tt0473100,10,2022-11-10,10 Tricks,https://www.imdb.com/title/tt0473100/,movie,5.7,88,2022,"Comedy, Drama",94,2022-09-27,Richard Pagano
tt4765708,4,2018-07-25,Paren s nashego kladbishcha,https://www.imdb.com/title/tt4765708/,movie,6.0,84,2015,"Comedy, Mystery, Thriller",556,2015-06-13,"Ilya Chizhikov, Anton Chizhikov"
tt0477347,6,2018-08-03,Night at the Museum,https://www.imdb.com/title/tt0477347/,movie,6.4,108,2006,"Adventure, Comedy, Family, Fantasy",353640,2006-12-17,Shawn Levy
tt0478304,9,2018-08-02,The Tree of Life,https://www.imdb.com/title/tt0478304/,movie,6.8,139,2011,"Drama, Fantasy",178670,2011-05-16,Terrence Malick
tt4786282,4,2018-07-25,Lights Out,https://www.imdb.com/title/tt4786282/,movie,6.3,81,2016,"Horror, Mystery",132198,2016-06-08,David F. Sandberg
tt0478970,8,2019-05-04,Ant-Man,https://www.imdb.com/title/tt0478970/,movie,7.3,117,2015,"Action, Adventure, Comedy, Sci-Fi",671172,2015-06-29,Peyton Reed
tt0479952,7,2022-11-28,Madagascar: Escape 2 Africa,https://www.imdb.com/title/tt0479952/,movie,6.6,89,2008,"Animation, Adventure, Comedy, Family",231133,2008-10-30,"Tom McGrath, Eric Darnell"
tt0480489,10,2019-01-08,Erufen rîto,https://www.imdb.com/title/tt0480489/,tvMiniSeries,7.9,24,2004,"Animation, Action, Drama, Horror, Mystery, Sci-Fi, Thriller",34049,2004-07-24,
tt4827558,7,2019-04-16,High Life,https://www.imdb.com/title/tt4827558/,movie,5.8,113,2018,"Adventure, Drama, Horror, Mystery, Sci-Fi, Thriller",36882,2018-09-09,Claire Denis
tt4874206,9,2018-07-30,(M)uchenik,https://www.imdb.com/title/tt4874206/,movie,6.9,118,2016,Drama,5733,2016-04-21,Kirill Serebrennikov
tt4881208,8,2018-07-25,Dead Slow Ahead,https://www.imdb.com/title/tt4881208/,movie,6.7,74,2015,"Documentary, Drama",374,2015-08-11,Mauro Herce
tt0489270,7,2018-08-03,Saw III,https://www.imdb.com/title/tt0489270/,movie,6.2,108,2006,"Crime, Horror, Mystery, Thriller",196440,2006-10-26,Darren Lynn Bousman
tt4901756,5,2018-08-03,Pikovaya dama. Chyornyy obryad,https://www.imdb.com/title/tt4901756/,movie,5.3,92,2015,"Horror, Mystery, Thriller",1569,2015-09-10,Svyatoslav Podgaevskiy
tt0490215,10,2019-06-30,Silence,https://www.imdb.com/title/tt0490215/,movie,7.1,161,2016,"Drama, History",114667,2016-11-29,Martin Scorsese
tt0492044,7,2018-07-30,The Haunting in Connecticut,https://www.imdb.com/title/tt0492044/,movie,5.8,92,2009,"Drama, Horror, Mystery, Thriller",62965,2009-03-27,Peter Cornwell
tt0492486,7,2018-08-03,Shrooms,https://www.imdb.com/title/tt0492486/,movie,4.6,84,2007,"Comedy, Horror, Mystery, Thriller",17090,2007-08-16,Paddy Breathnach
tt4935334,5,2022-11-01,Southbound,https://www.imdb.com/title/tt4935334/,movie,5.9,89,2015,Horror,20075,2015-09-16,"Tyler Gillett, Matt Bettinelli-Olpin, Roxanne Benjamin, David Bruckner, Chad Villella, Patrick Horvath, Justin Martinez, Radio Silence"
tt4936450,6,2018-07-30,Bacalaureat,https://www.imdb.com/title/tt4936450/,movie,7.3,128,2016,"Crime, Drama",13988,2016-05-19,Cristian Mungiu
tt0495241,8,2018-12-08,Saw,https://www.imdb.com/title/tt0495241/,short,7.4,9,2003,"Short, Horror, Thriller",11580,2003-12-31,James Wan
tt4954522,10,2018-12-08,Grave,https://www.imdb.com/title/tt4954522/,movie,7.0,99,2016,"Drama, Horror",79955,2016-05-14,Julia Ducournau
tt4972582,7,2018-07-30,Split,https://www.imdb.com/title/tt4972582/,movie,7.3,117,2016,"Horror, Thriller",503702,2016-09-26,M. Night Shyamalan
tt4973806,8,2021-10-09,Our Father,https://www.imdb.com/title/tt4973806/,movie,5.3,96,2021,"Comedy, Drama",154,2021-03-17,Bradley Grant Smith
tt0499448,5,2018-08-03,The Chronicles of Narnia: Prince Caspian,https://www.imdb.com/title/tt0499448/,movie,6.5,150,2008,"Action, Adventure, Family, Fantasy",213667,2008-05-09,Andrew Adamson
tt0499549,7,2019-02-11,Avatar,https://www.imdb.com/title/tt0499549/,movie,7.9,162,2009,"Action, Adventure, Fantasy, Sci-Fi",1303850,2009-12-10,James Cameron
tt4995790,5,2018-08-22,The Square,https://www.imdb.com/title/tt4995790/,movie,7.1,151,2017,"Comedy, Drama",68497,2017-05-20,Ruben Östlund
tt5027774,4,2018-07-25,"Three Billboards Outside Ebbing, Missouri",https://www.imdb.com/title/tt5027774/,movie,8.1,115,2017,"Comedy, Crime, Drama",511838,2017-09-04,Martin McDonagh
tt5031896,7,2018-08-03,Izmeny,https://www.imdb.com/title/tt5031896/,tvMiniSeries,7.3,48,2015,"Comedy, Drama, Romance",935,2015-09-21,
tt5041296,7,2018-07-25,Muse,https://www.imdb.com/title/tt5041296/,movie,5.4,107,2017,"Fantasy, Horror, Mystery, Thriller",3618,2017-10-07,Jaume Balagueró
tt0050976,9,2022-06-13,Det sjunde inseglet,https://www.imdb.com/title/tt0050976/,movie,8.1,96,1957,"Drama, Fantasy",187115,1957-02-16,Ingmar Bergman
tt0050986,9,2022-06-01,Smultronstället,https://www.imdb.com/title/tt0050986/,movie,8.1,91,1957,"Drama, Romance",108614,1957-12-26,Ingmar Bergman
tt5109280,8,2021-03-06,Raya and the Last Dragon,https://www.imdb.com/title/tt5109280/,movie,7.3,107,2021,"Animation, Action, Adventure, Comedy, Drama, Family, Fantasy",154022,2021-03-03,"Paul Briggs, Carlos López Estrada, Don Hall, John Ripa"
tt5109784,10,2018-07-25,Mother!,https://www.imdb.com/title/tt5109784/,movie,6.6,121,2017,"Drama, Horror, Mystery",229577,2017-09-05,Darren Aronofsky
tt5140878,7,2018-07-25,Annabelle: Creation,https://www.imdb.com/title/tt5140878/,movie,6.5,109,2017,"Horror, Mystery, Thriller",137272,2017-06-19,David F. Sandberg
tt5198844,5,2018-07-25,Chempiony: Bystree. Vyshe. Silnee,https://www.imdb.com/title/tt5198844/,movie,6.3,100,2016,"Biography, Drama, Sport",360,2016-02-18,Artyom Aksenenko
tt5278832,9,2020-02-24,Córki dancingu,https://www.imdb.com/title/tt5278832/,movie,6.3,92,2015,"Drama, Fantasy, Horror, Musical, Thriller",8792,2015-12-16,Agnieszka Smoczynska
tt0052893,6,2022-06-07,Hiroshima mon amour,https://www.imdb.com/title/tt0052893/,movie,7.9,90,1959,"Drama, Romance",33052,1959-05-08,Alain Resnais
tt5291714,7,2019-10-27,Aquarians,https://www.imdb.com/title/tt5291714/,movie,6.4,103,2017,Drama,118,2017-10-22,Michael M. McGuire
tt5376862,6,2018-08-03,Guilt,https://www.imdb.com/title/tt5376862/,tvSeries,5.9,60,2016,"Crime, Drama, Mystery",2657,2016-06-13,
tt0054215,4,2018-07-25,Psycho,https://www.imdb.com/title/tt0054215/,movie,8.5,109,1960,"Horror, Mystery, Thriller",675026,1960-06-16,Alfred Hitchcock
tt5592248,7,2018-07-25,The Beguiled,https://www.imdb.com/title/tt5592248/,movie,6.3,93,2017,"Drama, Thriller, War",58538,2017-05-24,Sofia Coppola
tt5618752,9,2018-07-25,Krotkaya,https://www.imdb.com/title/tt5618752/,movie,6.5,143,2017,"Drama, Mystery",2394,2017-05-25,Sergey Loznitsa
tt5644006,4,2018-07-25,Marshrut postroen,https://www.imdb.com/title/tt5644006/,movie,3.9,85,2016,"Horror, Thriller",546,2016-03-31,Oleg Assadulin
tt5690810,10,2019-07-31,Ophelia,https://www.imdb.com/title/tt5690810/,movie,6.5,114,2018,"Drama, Romance, Thriller",11976,2018-01-22,Claire McCarthy
tt5698320,8,2018-07-25,Euphoria,https://www.imdb.com/title/tt5698320/,movie,5.7,104,2017,"Adventure, Drama, Mystery",4432,2017-09-08,Lisa Langseth
tt5700182,10,2019-09-08,Starfish,https://www.imdb.com/title/tt5700182/,movie,5.2,101,2018,"Drama, Sci-Fi, Thriller",4304,2018-09-21,A.T. White
tt5715874,5,2018-08-03,The Killing of a Sacred Deer,https://www.imdb.com/title/tt5715874/,movie,7.0,121,2017,"Drama, Horror, Mystery, Thriller",158102,2017-05-22,Yorgos Lanthimos
tt5753856,6,2021-02-22,Dark,https://www.imdb.com/title/tt5753856/,tvSeries,8.7,60,2017,"Crime, Drama, Mystery, Sci-Fi, Thriller",393992,2017-09-09,
tt5814592,6,2018-07-25,The Party,https://www.imdb.com/title/tt5814592/,movie,6.5,71,2017,"Comedy, Drama",19303,2017-02-13,Sally Potter
tt5820816,7,2018-07-25,Nashla kosa na kamen,https://www.imdb.com/title/tt5820816/,movie,6.3,80,2017,Drama,55,2017-04-25,Anya Krays
tt5825380,7,2018-07-25,Wonder Wheel,https://www.imdb.com/title/tt5825380/,movie,6.2,101,2017,"Drama, Romance",29344,2017-10-14,Woody Allen
tt5827916,10,2020-02-16,A Hidden Life,https://www.imdb.com/title/tt5827916/,movie,7.4,174,2019,"Biography, Drama, Romance, War",25097,2019-05-19,Terrence Malick
tt6095090,4,2018-07-25,Nevesta,https://www.imdb.com/title/tt6095090/,movie,4.7,95,2017,"Drama, Horror, Mystery, Romance, Thriller",2781,2017-01-19,Svyatoslav Podgaevskiy
tt6127004,5,2019-11-12,Paradise Hills,https://www.imdb.com/title/tt6127004/,movie,5.2,95,2019,"Fantasy, Mystery, Sci-Fi, Thriller",18817,2019-01-26,Alice Waddington
tt6193454,10,2019-10-06,Blue My Mind,https://www.imdb.com/title/tt6193454/,movie,6.1,97,2017,"Drama, Fantasy, Horror, Mystery",3089,2017-09-24,Lisa Brühlmann
tt6197494,5,2018-08-14,Malicious,https://www.imdb.com/title/tt6197494/,movie,5.0,90,2018,"Horror, Thriller",4031,2018-08-09,Michael Winnick
tt6246322,6,2021-09-05,Don't Breathe 2,https://www.imdb.com/title/tt6246322/,movie,6.0,98,2021,"Action, Crime, Horror, Thriller",59036,2021-08-12,Rodo Sayagues
tt6265828,9,2019-09-11,A Ghost Story,https://www.imdb.com/title/tt6265828/,movie,6.8,92,2017,"Drama, Fantasy, Romance",73768,2017-01-22,David Lowery
tt6304046,10,2019-06-16,Thelma,https://www.imdb.com/title/tt6304046/,movie,7.0,116,2017,"Drama, Fantasy, Horror, Mystery, Romance, Sci-Fi, Thriller",33407,2017-08-20,Joachim Trier
tt6324614,6,2018-07-25,Sobibor,https://www.imdb.com/title/tt6324614/,movie,6.4,118,2018,"Drama, History, Thriller, War",5290,2018-05-03,Konstantin Khabenskiy
tt6458228,6,2019-11-20,Il peccato,https://www.imdb.com/title/tt6458228/,movie,6.7,134,2019,"Biography, Drama, History",1139,2019-10-27,Andrey Konchalovskiy
tt6519032,5,2018-08-03,Grazhdanskiy brak,https://www.imdb.com/title/tt6519032/,tvSeries,6.1,21,2017,Comedy,32,2017-01-09,
tt6531890,8,2021-04-17,Hurt by Paradise,https://www.imdb.com/title/tt6531890/,movie,5.6,83,2019,Drama,86,2019-06-20,Greta Bellamacina
tt6570098,10,2021-07-11,AINBO: Spirit of the Amazon,https://www.imdb.com/title/tt6570098/,movie,4.8,84,2021,"Animation, Adventure, Comedy, Family, Fantasy",1871,2021-02-13,"Richard Claus, Jose Zelada"
tt6628102,4,2019-03-10,Ahlat Agaci,https://www.imdb.com/title/tt6628102/,movie,8.0,188,2018,Drama,24966,2018-05-18,Nuri Bilge Ceylan
tt6644200,5,2018-07-30,A Quiet Place,https://www.imdb.com/title/tt6644200/,movie,7.5,90,2018,"Drama, Horror, Sci-Fi",534712,2018-03-09,John Krasinski
tt0066819,6,2018-07-25,The Beguiled,https://www.imdb.com/title/tt0066819/,movie,7.2,105,1971,"Drama, Thriller, War",17959,1971-01-23,Don Siegel
tt6682760,6,2018-08-03,Filfak,https://www.imdb.com/title/tt6682760/,tvSeries,5.8,22,2017,"Comedy, Romance",103,2017-04-10,
tt6777056,8,2019-01-09,Tesnota,https://www.imdb.com/title/tt6777056/,movie,6.8,118,2017,Drama,3129,2017-05-24,Kantemir Balagov
tt6805938,7,2022-02-06,The Ledge,https://www.imdb.com/title/tt6805938/,movie,5.1,86,2022,Thriller,3958,2022-02-17,Howard J. Ford
tt6817944,8,2020-08-09,Om det oändliga,https://www.imdb.com/title/tt6817944/,movie,6.8,78,2019,"Drama, Fantasy",6829,2019-09-03,Roy Andersson
tt6927316,6,2019-02-08,"Inkan, gongkan, sikan grigo inkan",https://www.imdb.com/title/tt6927316/,movie,5.8,122,2018,Drama,970,2018-02-17,Kim Ki-duk
tt0069293,6,2021-01-06,Solyaris,https://www.imdb.com/title/tt0069293/,movie,8.0,167,1972,"Drama, Mystery, Sci-Fi",92717,1972-02-05,Andrei Tarkovsky
tt7004024,8,2019-04-28,Rammstein: Pussy,https://www.imdb.com/title/tt7004024/,musicVideo,7.1,4,2009,Music,244,2009-09-16,Jonas Åkerlund
tt7040874,6,2018-09-26,A Simple Favor,https://www.imdb.com/title/tt7040874/,movie,6.8,117,2018,"Comedy, Crime, Mystery, Thriller",151488,2018-09-10,Paul Feig
tt7063210,7,2022-02-16,The Place,https://www.imdb.com/title/tt7063210/,movie,7.0,105,2017,"Drama, Mystery, Thriller",11795,2017-11-09,Paolo Genovese
tt7097896,6,2022-01-05,Venom: Let There Be Carnage,https://www.imdb.com/title/tt7097896/,movie,5.9,97,2021,"Action, Adventure, Sci-Fi, Thriller",227317,2021-09-14,Andy Serkis
tt7214954,10,2022-08-18,Luck,https://www.imdb.com/title/tt7214954/,movie,6.4,105,2022,"Animation, Adventure, Comedy, Family, Fantasy",19931,2022-08-05,"Javier Abad, Peggy Holmes"
tt0072443,10,2022-05-10,Zerkalo,https://www.imdb.com/title/tt0072443/,movie,8.0,107,1975,"Biography, Drama",47905,1975-03-07,Andrei Tarkovsky
tt7286456,8,2019-11-13,Joker,https://www.imdb.com/title/tt7286456/,movie,8.4,122,2019,"Crime, Drama, Thriller",1294350,2019-08-31,Todd Phillips
tt7315032,7,2022-09-03,I Dream of a Psychopomp,https://www.imdb.com/title/tt7315032/,movie,3.3,80,2021,"Drama, Horror",207,2021-09-03,Danny Villanueva Jr.
tt7344784,9,2022-10-09,Swamp Lion,https://www.imdb.com/title/tt7344784/,movie,5.7,111,2022,"Crime, Drama, Thriller, Western",112,2022-08-23,Torben Bech
tt7347846,7,2020-04-29,The Lodge,https://www.imdb.com/title/tt7347846/,movie,6.0,108,2019,"Drama, Horror, Mystery, Thriller",49491,2019-01-25,"Veronika Franz, Severin Fiala"
tt0073486,10,2022-05-11,One Flew Over the Cuckoo's Nest,https://www.imdb.com/title/tt0073486/,movie,8.7,133,1975,Drama,1010975,1975-11-19,Milos Forman
tt7356476,10,2021-08-28,Defining Moments,https://www.imdb.com/title/tt7356476/,movie,4.4,88,2021,Comedy,213,2021-08-27,Stephen Wallis
tt7395114,6,2021-04-17,The Devil All the Time,https://www.imdb.com/title/tt7395114/,movie,7.1,138,2020,"Crime, Drama, Thriller",137535,2020-09-10,Antonio Campos
tt7402400,10,2019-04-02,Eld & lågor,https://www.imdb.com/title/tt7402400/,movie,5.9,104,2019,"Drama, Romance",754,2019-02-02,"Björn Stein, Måns Mårlind"
tt7464188,5,2019-08-07,In Fabric,https://www.imdb.com/title/tt7464188/,movie,6.2,118,2018,"Comedy, Drama, Fantasy, Horror, Mystery, Thriller",12504,2018-09-13,Peter Strickland
tt7506768,7,2021-03-20,Molodoe vino,https://www.imdb.com/title/tt7506768/,movie,4.2,86,2019,Drama,35,2019-03-03,Pyotr Olevskiy
tt0075314,6,2022-05-25,Taxi Driver,https://www.imdb.com/title/tt0075314/,movie,8.2,114,1976,"Crime, Drama",838122,1976-02-08,Martin Scorsese
tt0758746,6,2018-07-30,Friday the 13th,https://www.imdb.com/title/tt0758746/,movie,5.5,97,2009,"Horror, Mystery, Thriller",109963,2009-02-09,Marcus Nispel
tt7624662,10,2018-12-08,Tri sestry,https://www.imdb.com/title/tt7624662/,movie,4.9,133,2017,Drama,33,2017-10-19,Yuri Grymov
tt7626214,9,2018-07-25,Yazichniki,https://www.imdb.com/title/tt7626214/,movie,6.4,93,2017,Drama,108,2017-04-27,Lera Surkova
tt7631058,1,2022-09-16,The Lord of the Rings: The Rings of Power,https://www.imdb.com/title/tt7631058/,tvSeries,6.9,,2022,"Action, Adventure, Drama, Fantasy",312779,2022-09-01,
tt7651892,10,2022-02-13,One Strange Rock,https://www.imdb.com/title/tt7651892/,tvMiniSeries,8.7,47,2018,Documentary,7984,2018-03-25,
tt7657566,6,2022-07-08,Death on the Nile,https://www.imdb.com/title/tt7657566/,movie,6.3,127,2022,"Crime, Drama, Mystery",152771,2022-02-09,Kenneth Branagh
tt0076786,5,2018-12-09,Suspiria,https://www.imdb.com/title/tt0076786/,movie,7.3,99,1977,"Crime, Horror",96038,1977-02-01,Dario Argento
tt7737734,6,2020-04-13,The Other Lamb,https://www.imdb.com/title/tt7737734/,movie,5.3,96,2019,"Drama, Horror, Mystery",4998,2019-09-06,Malgorzata Szumowska
tt7740496,10,2022-01-22,Nightmare Alley,https://www.imdb.com/title/tt7740496/,movie,7.0,150,2021,"Crime, Drama, Thriller",146175,2021-12-01,Guillermo del Toro
tt7740510,7,2021-12-26,Antlers,https://www.imdb.com/title/tt7740510/,movie,5.9,99,2021,"Drama, Horror, Mystery",39454,2021-10-11,Scott Cooper
tt7772872,6,2020-10-17,Painter,https://www.imdb.com/title/tt7772872/,movie,5.0,99,2020,"Drama, Thriller",250,2020-10-13,Cory Wexler Grant
tt7798634,6,2019-12-01,Ready or Not,https://www.imdb.com/title/tt7798634/,movie,6.8,95,2019,"Action, Comedy, Horror, Mystery, Thriller",155293,2019-03-12,"Matt Bettinelli-Olpin, Tyler Gillett"
tt7830014,8,2021-10-02,What Breaks the Ice,https://www.imdb.com/title/tt7830014/,movie,5.4,99,2020,Drama,1035,2020-10-03,Rebecca Eskreis
tt0790686,7,2018-08-03,Mirrors,https://www.imdb.com/title/tt0790686/,movie,6.1,110,2008,"Horror, Mystery",108967,2008-08-14,Alexandre Aja
tt0795351,6,2018-08-03,Case 39,https://www.imdb.com/title/tt0795351/,movie,6.2,109,2009,"Horror, Mystery, Thriller",88349,2009-08-13,Christian Alvart
tt0795461,8,2022-02-13,Scary Movie 5,https://www.imdb.com/title/tt0795461/,movie,3.5,88,2013,"Comedy, Horror",72995,2013-04-11,"Malcolm D. Lee, David Zucker"
tt0079944,8,2022-06-13,Stalker,https://www.imdb.com/title/tt0079944/,movie,8.1,162,1979,"Drama, Sci-Fi",135882,1979-05-31,Andrei Tarkovsky
tt0800080,3,2018-07-25,The Incredible Hulk,https://www.imdb.com/title/tt0800080/,movie,6.6,112,2008,"Action, Adventure, Sci-Fi",496351,2008-06-06,Louis Leterrier
tt0800320,6,2018-07-25,Clash of the Titans,https://www.imdb.com/title/tt0800320/,movie,5.8,106,2010,"Action, Adventure, Fantasy",284790,2010-03-26,Louis Leterrier
tt0800369,4,2018-07-25,Thor,https://www.imdb.com/title/tt0800369/,movie,7.0,115,2011,"Action, Adventure, Fantasy",853826,2011-04-17,Kenneth Branagh
tt8038556,9,2018-07-30,Sofichka,https://www.imdb.com/title/tt8038556/,movie,5.3,78,2016,Drama,131,2016-11-17,Kira Kovalenko
tt8049994,7,2022-05-21,Un rescate de huevitos,https://www.imdb.com/title/tt8049994/,movie,5.4,88,2021,"Animation, Adventure, Comedy, Family, Fantasy",213,2021-08-12,"Rodolfo Riva Palacio Alatriste, Gabriel Riva Palacio Alatriste"
tt0081505,4,2018-07-25,The Shining,https://www.imdb.com/title/tt0081505/,movie,8.4,146,1980,"Drama, Horror",1026863,1980-05-23,Stanley Kubrick
tt0816692,6,2018-08-03,Interstellar,https://www.imdb.com/title/tt0816692/,movie,8.6,169,2014,"Adventure, Drama, Sci-Fi",1840096,2014-10-26,Christopher Nolan
tt0820153,5,2018-08-03,Tochka,https://www.imdb.com/title/tt0820153/,movie,6.2,92,2006,Drama,406,2006-06-15,Yuriy Moroz
tt8291806,10,2023-01-08,Dolor y gloria,https://www.imdb.com/title/tt8291806/,movie,7.5,113,2019,Drama,59213,2019-03-13,Pedro Almodóvar
tt8359842,10,2020-04-05,It Must Be Heaven,https://www.imdb.com/title/tt8359842/,movie,7.0,102,2019,"Comedy, Drama",5077,2019-05-24,Elia Suleiman
tt8359848,10,2018-12-08,Climax,https://www.imdb.com/title/tt8359848/,movie,6.9,97,2018,"Drama, Horror, Music",70613,2018-05-13,Gaspar Noé
tt8361028,7,2019-08-27,Cam,https://www.imdb.com/title/tt8361028/,movie,5.9,94,2018,"Drama, Horror, Mystery, Thriller",32975,2018-07-18,Daniel Goldhaber
tt8368406,6,2020-04-13,Vivarium,https://www.imdb.com/title/tt8368406/,movie,5.8,97,2019,"Horror, Mystery, Sci-Fi",61198,2019-05-18,Lorcan Finnegan
tt8415836,4,2022-10-26,Guillermo del Toro's Cabinet of Curiosities,https://www.imdb.com/title/tt8415836/,tvSeries,7.1,60,2022,"Drama, Horror, Mystery, Thriller",41982,2022-10-25,
tt0844479,6,2018-07-25,The Collector,https://www.imdb.com/title/tt0844479/,movie,6.3,90,2009,"Action, Horror, Thriller",66995,2009-07-31,Marcus Dunstan
tt0844708,6,2018-08-03,The Last House on the Left,https://www.imdb.com/title/tt0844708/,movie,6.5,110,2009,"Horror, Thriller",94781,2009-03-13,Dennis Iliadis
tt0847880,8,2022-03-06,Gruz 200,https://www.imdb.com/title/tt0847880/,movie,7.1,89,2007,"Crime, Drama, Thriller",10218,2007-06-14,Aleksey Balabanov
tt8550054,10,2022-01-23,Pleasure,https://www.imdb.com/title/tt8550054/,movie,6.4,109,2021,Drama,17584,2021-01-30,Ninja Thyberg
tt8593904,10,2021-01-03,Rifkin's Festival,https://www.imdb.com/title/tt8593904/,movie,6.1,88,2020,"Comedy, Romance",7969,2020-09-18,Woody Allen
tt8613070,8,2019-10-29,Portrait de la jeune fille en feu,https://www.imdb.com/title/tt8613070/,movie,8.1,122,2019,"Drama, Romance",94075,2019-05-19,Céline Sciamma
tt8655618,7,2019-11-02,Glubokie reki,https://www.imdb.com/title/tt8655618/,movie,6.4,75,2018,Drama,178,2018-07-03,Vladimir Bitokov
tt8689290,7,2021-09-25,The Alpines,https://www.imdb.com/title/tt8689290/,movie,4.4,93,2021,"Drama, Horror, Mystery, Thriller",4766,2021-01-19,Dante Aubain
tt8772262,7,2019-10-05,Midsommar,https://www.imdb.com/title/tt8772262/,movie,7.1,148,2019,"Drama, Horror, Mystery, Thriller",329874,2019-06-24,Ari Aster
tt8785030,8,2021-04-17,Beast Beast,https://www.imdb.com/title/tt8785030/,movie,6.2,85,2020,Drama,294,2020-01-25,Danny Madden
tt0088763,7,2018-08-03,Back to the Future,https://www.imdb.com/title/tt0088763/,movie,8.5,116,1985,"Adventure, Comedy, Sci-Fi",1210177,1985-07-03,Robert Zemeckis
tt0890870,6,2018-08-03,Saw IV,https://www.imdb.com/title/tt0890870/,movie,5.9,93,2007,"Crime, Horror, Mystery, Thriller",152870,2007-10-25,Darren Lynn Bousman
tt0892791,6,2022-11-22,Shrek Forever After,https://www.imdb.com/title/tt0892791/,movie,6.3,95,2010,"Animation, Adventure, Comedy, Family, Fantasy, Romance",208358,2010-04-21,Mike Mitchell
tt0898266,10,2022-06-22,The Big Bang Theory,https://www.imdb.com/title/tt0898266/,tvSeries,8.2,22,2007,"Comedy, Romance",813334,2006-05-01,
tt9007296,4,2021-07-10,Bone Cage,https://www.imdb.com/title/tt9007296/,movie,5.4,89,2020,Drama,113,2020-09-17,Taylor Olson
tt0903624,6,2018-08-03,The Hobbit: An Unexpected Journey,https://www.imdb.com/title/tt0903624/,movie,7.8,169,2012,"Adventure, Fantasy",832855,2012-11-28,Peter Jackson
tt9086228,6,2020-04-11,Gretel & Hansel,https://www.imdb.com/title/tt9086228/,movie,5.5,87,2020,"Fantasy, Horror, Mystery, Thriller",31611,2020-01-30,Oz Perkins
tt9118804,7,2020-10-17,The Special,https://www.imdb.com/title/tt9118804/,movie,4.9,94,2020,Horror,1111,2020-10-08,B. Harrison Smith
tt0091670,7,2019-05-08,Offret,https://www.imdb.com/title/tt0091670/,movie,7.9,149,1986,Drama,28915,1986-05-09,Andrei Tarkovsky
tt0926084,6,2022-12-30,Harry Potter and the Deathly Hallows: Part 1,https://www.imdb.com/title/tt0926084/,movie,7.7,146,2010,"Adventure, Family, Fantasy, Mystery",554077,2010-11-11,David Yates
tt9319668,6,2022-11-20,1899,https://www.imdb.com/title/tt9319668/,tvSeries,7.4,60,2022,"Drama, Mystery",84846,2022-09-12,
tt0938283,5,2018-07-30,The Last Airbender,https://www.imdb.com/title/tt0938283/,movie,4.0,103,2010,"Action, Adventure, Family, Fantasy",165250,2010-06-30,M. Night Shyamalan
tt9386884,8,2019-04-08,Schaste - eto... 2,https://www.imdb.com/title/tt9386884/,movie,7.7,100,2019,Family,49,2019-04-01,"Elena Voitovich, Anna Mitafidi, Yuliya Mashukova, Zurab Dzhidzhilava, Irina Basenko, Angelina Debor, Anastasiya Timofeeva"
tt0940657,5,2018-08-03,Arthur et la vengeance de Maltazard,https://www.imdb.com/title/tt0940657/,movie,5.2,107,2009,"Animation, Adventure, Family, Fantasy",9971,2009-11-26,Luc Besson
tt9410034,9,2021-10-09,The Last Bus,https://www.imdb.com/title/tt9410034/,movie,6.5,86,2021,Drama,2353,2021-06-18,Gillies MacKinnon
tt9411866,7,2020-04-19,The Roads Not Taken,https://www.imdb.com/title/tt9411866/,movie,5.2,85,2020,Drama,2458,2020-02-26,Sally Potter
tt9421200,10,2021-06-11,A Perfect Enemy,https://www.imdb.com/title/tt9421200/,movie,5.5,89,2020,"Adventure, Drama, Thriller",3162,2020-10-16,Kike Maíllo
tt9421570,6,2021-10-03,The Guilty,https://www.imdb.com/title/tt9421570/,movie,6.3,90,2021,"Crime, Drama, Thriller",128200,2021-09-11,Antoine Fuqua
tt0947798,10,2018-08-14,Black Swan,https://www.imdb.com/title/tt0947798/,movie,8.0,108,2010,"Drama, Thriller",772395,2010-09-01,Darren Aronofsky
tt0948470,7,2018-08-03,The Amazing Spider-Man,https://www.imdb.com/title/tt0948470/,movie,6.9,136,2012,"Action, Adventure, Sci-Fi",660573,2012-06-13,Marc Webb
tt0952640,6,2018-07-30,Alvin and the Chipmunks,https://www.imdb.com/title/tt0952640/,movie,5.2,92,2007,"Animation, Adventure, Comedy, Family, Fantasy, Music, Musical",87727,2007-12-13,Tim Hill
tt0095705,8,2022-11-10,The Naked Gun: From the Files of Police Squad!,https://www.imdb.com/title/tt0095705/,movie,7.6,85,1988,"Comedy, Crime",172539,1988-12-02,David Zucker
tt9620292,8,2021-01-03,Promising Young Woman,https://www.imdb.com/title/tt9620292/,movie,7.5,113,2020,"Crime, Drama, Mystery, Thriller",176618,2020-01-25,Emerald Fennell
tt0096256,7,2023-01-15,They Live,https://www.imdb.com/title/tt0096256/,movie,7.2,94,1988,"Action, Horror, Sci-Fi, Thriller",132742,1988-11-04,John Carpenter
tt9664108,7,2021-04-30,Voyagers,https://www.imdb.com/title/tt9664108/,movie,5.4,108,2021,"Adventure, Sci-Fi, Thriller",22472,2021-04-08,Neil Burger
tt0096657,9,2019-01-04,Mr. Bean,https://www.imdb.com/title/tt0096657/,tvSeries,8.6,25,1990,"Comedy, Family",121640,1990-01-01,
tt0096874,6,2018-08-03,Back to the Future Part II,https://www.imdb.com/title/tt0096874/,movie,7.8,108,1989,"Adventure, Comedy, Sci-Fi",537531,1989-11-20,Robert Zemeckis
tt0973844,6,2018-08-27,Chacun son cinéma ou Ce petit coup au coeur quand la lumière s'éteint et que le film commence,https://www.imdb.com/title/tt0973844/,movie,6.8,100,2007,"Comedy, Drama",5195,2007-05-20,"Jane Campion, Andrey Konchalovskiy, Luc Dardenne, Ming-liang Tsai, Claude Lelouch, Aki Kaurismäki, Nanni Moretti, David Lynch, Jean-Pierre Dardenne, Roman Polanski, Elia Suleiman, Olivier Assayas, Theodoros Angelopoulos, Youssef Chahine, Hsiao-Hsien Hou, Manoel de Oliveira, Ken Loach, Gus Van Sant, Raúl Ruiz, Atom Egoyan, Michael Cimino, Joel Coen, Amos Gitai, Wim Wenders, Kar-Wai Wong, Lars von Trier, Walter Salles, Yimou Zhang, Takeshi Kitano, Abbas Kiarostami, Ethan Coen, Raymond Depardon, David Cronenberg, Kaige Chen, Alejandro G. Iñárritu, Bille August"
tt0978764,8,2018-07-25,Sucker Punch,https://www.imdb.com/title/tt0978764/,movie,6.0,110,2011,"Action, Adventure, Fantasy",244689,2011-03-21,Zack Snyder
tt0098084,4,2018-07-25,Pet Sematary,https://www.imdb.com/title/tt0098084/,movie,6.5,103,1989,"Fantasy, Horror, Thriller",106836,1989-04-21,Mary Lambert
tt0986263,6,2018-07-30,Surrogates,https://www.imdb.com/title/tt0986263/,movie,6.3,89,2009,"Action, Sci-Fi, Thriller",176393,2009-09-24,Jonathan Mostow
tt9876160,7,2019-05-20,Koridor bessmertiya,https://www.imdb.com/title/tt9876160/,movie,5.6,140,2019,"Drama, War",348,2019-05-08,Fedor Popov
tt0988045,6,2018-08-03,Sherlock Holmes,https://www.imdb.com/title/tt0988045/,movie,7.6,128,2009,"Action, Adventure, Mystery",638814,2009-12-14,Guy Ritchie
tt9893084,8,2022-01-22,Italian Studies,https://www.imdb.com/title/tt9893084/,movie,4.8,81,2021,Drama,627,2021-06-12,Adam Leon
tt0098936,10,2022-06-01,Twin Peaks,https://www.imdb.com/title/tt0098936/,tvSeries,8.8,47,1990,"Crime, Drama, Mystery, Thriller",199723,1989-09-28,
tt0099088,5,2018-08-03,Back to the Future Part III,https://www.imdb.com/title/tt0099088/,movie,7.4,118,1990,"Adventure, Comedy, Sci-Fi, Western",451450,1990-05-25,Robert Zemeckis
tt0099653,7,2018-08-03,Ghost,https://www.imdb.com/title/tt0099653/,movie,7.1,127,1990,"Drama, Fantasy, Romance, Thriller",220571,1990-07-13,Jerry Zucker
tt0099785,8,2019-01-02,Home Alone,https://www.imdb.com/title/tt0099785/,movie,7.7,103,1990,"Comedy, Family",595617,1990-11-10,Chris Columbus
